ID,pc1,pc2,pc3,pc4,pc5,pc6,pc7,pc8,pc9,pc10,Pos,Player
hardeja01,0.2546088250968277,0.9377661491717529,-0.0856358883610931,-0.03296315256647454,0.1261353431697387,0.12686753582927804,0.04532662041445421,-0.09991398655880532,0.13974819069162,0.08216026025168893,SG,James Harden
bealbr01,0.003836390469728646,0.5644783374331462,-0.12497257965399917,-0.06722665692430405,-0.04313238208605667,0.07501897672699064,-0.006374361697241361,0.031225447669633824,0.11355564423428435,0.0528397683177432,SG,Bradley Beal
lillada01,-0.05272976217089842,0.6214141460334701,-0.2763340729143392,-0.07063031326721556,-0.048666699987722474,0.07635652757261505,0.007436514109710954,0.00997957280013755,-0.10087636329795344,0.03350856356275279,PG,Damian Lillard
youngtr01,-0.04257441817926213,0.9378293319420692,-0.27876740940559885,-0.10915560003636995,-0.2726914482418844,0.10254285271699687,0.03572586036317679,-0.02875627553809633,0.1225788688871406,0.059432663074454405,PG,Trae Young
antetgi01,0.8817918697793704,0.4805724901467773,-0.011135745429857666,0.11535382601682231,-0.2191177111993788,-0.13640141491685492,0.18869578736431028,-0.23825275313194336,-0.04709505325180198,-0.08759437232946482,SG,Giannis Antetokounmpo
doncilu01,0.3628110941131369,0.8168906418736315,-0.18761089045257878,-0.004336836702446733,-0.333871789726183,-0.10409350174580267,0.09177851357228162,-0.18036415151394317,-0.04832737318465345,0.031230521568800913,PG,Luka Doncic
westbru01,0.35170399540809816,0.8481155942742938,0.041412417239922644,-0.06069799032164317,-0.10815240969154599,-0.06457627417643623,-0.027006190933669044,0.0018470900987324005,0.17347013557582996,0.03735688850831071,PG,Russell Westbrook
leonaka01,0.11360795112117557,0.5981536646852916,0.03230878756899577,0.061028247686792415,0.29449058123247757,-0.06338787919511396,-0.0005939683090641156,-0.0011506846224922736,-0.0045944915449027575,-0.08098644773424302,SF,Kawhi Leonard
bookede01,-0.01349756215268668,0.535529164839162,-0.42553782387946326,0.017859738312913317,-0.16335711511583131,0.09673072669474647,0.018727669654496192,-0.07234751149470336,0.1332455811224341,-0.011240415602069535,SG,Devin Booker
davisan02,0.5983230249662979,0.3259127191783308,0.1420367365517523,0.32187457695561916,0.3306853018401626,0.2963241334656219,-0.030494117931443503,0.015557302771577363,0.036696803256853094,0.034634022157668344,PF,Anthony Davis
lavinza01,0.02928456424381455,0.5277967241473093,0.04702372723057005,-0.05664068714258726,0.0950811272891428,0.026474659223960813,0.07325061023435737,-0.0178962632856086,0.20133562355267867,-0.033374405168846835,SG,Zach LaVine
jamesle01,0.37106435388522013,0.8479671488164238,-0.1388031661869416,-0.18839745071095926,-0.28585514400219114,0.05143991482031387,0.1197676321978978,-0.10419464109225599,-0.17578523979304478,-0.005846310079955034,SF,LeBron James
mitchdo01,-0.0930193434227372,0.3530599556946749,-0.11130050191185978,0.02813449241491432,-0.02068327501449155,-0.024270723319126827,-0.006512440142291006,0.022251246721913615,0.10520622726361173,0.003948602633675007,SG,Donovan Mitchell
ingrabr01,0.0590946650030052,0.3930426361018069,-0.08746956946469692,0.12836044332010418,-0.011377936409710325,0.030025437326861717,0.06710715172285704,-0.045376542704368604,0.09829031619239514,-0.05866198311440073,SF,Brandon Ingram
tatumja01,0.11532278728983582,0.3346094291679725,0.15173854296748124,0.1492147690533924,0.18147301619462744,0.014589815906282005,0.07297178308293546,-0.02084592978756655,0.040550726588264335,-0.08506866303612579,SF,Jayson Tatum
russeda01,-0.09781477156504434,0.5638145729088844,-0.07883201169562806,-0.0770907939305868,-0.11460187991218135,0.07773058629215543,0.048343048491783974,-0.039595153567810765,0.06132431228661248,0.003466875797288422,PG,D'Angelo Russell
siakapa01,0.16509404649231027,0.28350786031923864,0.0670863504946376,0.17898841041021205,-0.003420529359014147,0.04160503803136142,0.06298152968627317,-0.07185733660405372,0.02754210323517839,-0.06658528182022713,PF,Pascal Siakam
mccolcj01,-0.04933782630792153,0.1641691421411775,0.0070938044453223445,-0.019141486890991696,-0.08569343999200059,0.09903523927962983,0.04434212693679607,0.015576484383596859,-0.06967541464273537,-0.02669145004941488,SG,CJ McCollum
derozde01,0.09598948693519337,0.3648060659027939,-0.2314194509867816,-0.06072542718952527,-0.019325922733917138,-0.023088660856024675,-0.07369097936738532,-0.04180927567702696,-0.04418519814197545,-0.13556852003498843,SG,DeMar DeRozan
wiggian01,0.13010451914821292,0.15752068793874394,0.09162962986064352,0.012560707066602547,-0.12076492173869528,0.174916445986121,0.04861727742825163,-0.019744537011945843,0.05534247640718941,0.030484455389173423,SF,Andrew Wiggins
foxde01,0.11958795257049055,0.5716203156791645,0.013810507132016736,-0.31934382587891513,-0.019241434109169866,0.10345194664998804,0.011496863422224338,-0.00919381846660005,0.022088315372510818,0.00015719546547210848,PG,De'Aaron Fox
middlkh01,-0.0021025981398698898,0.2939631908687539,-0.26878276776475435,0.11464103390527451,0.045308169952088355,-0.13813138853355086,0.03429159086192231,-0.02358518633902886,-0.022585859812057112,-0.07896552489993613,SG,Khris Middleton
sextoco01,-0.1286497849390221,0.19859031349845044,-0.10273257364210593,-0.04700125767499419,0.029740337186914014,-0.040329517056861656,-0.011382910793323242,0.10138859378773032,0.1815233006324207,0.011637373818758989,PG,Collin Sexton
dinwisp01,-0.14517940172690302,0.3880216985207529,-0.11792746965215932,-0.06899310850729957,-0.30570308825786546,0.1338604397346614,-0.01590249326246185,-0.0381667114201408,-0.05448067879108519,0.043891307138936235,PG,Spencer Dinwiddie
walkeke02,-0.1621653522382546,0.29286719105795944,-0.080368112122609,0.05545461067244892,-0.012716148859356678,0.09584295137826662,-0.013971971147654914,0.02085676965857362,-0.02454813794798406,0.02096699341172747,PG,Kemba Walker
porzikr01,0.34282272670717767,0.009801846133980175,0.21635720917159934,0.4946039759481031,0.05251377865479295,0.2388137190873608,0.038030985077632654,-0.09367024751299347,-0.07279363695448357,-0.015044293657245224,C,Kristaps Porzingis
brownja02,0.1544300150902456,0.12853736876660307,0.07511461426980952,-0.015632932265836126,0.04036600454924082,-0.11674461916011561,0.11363960103247633,-0.04855871191511763,0.10171866617960051,-0.06051619454093115,SG,Jaylen Brown
bogdabo02,-0.21363394303804,0.106178135792498,-0.1842156308608375,0.192241839605554,-0.0933573979212957,-0.048135672407452985,0.04179717088171468,0.007663830284551662,0.19970317219693415,-0.04790401098149447,SF,Bojan Bogdanovic
butleji01,0.17411874853788903,0.5680774108959775,0.12686303853682798,-0.03943098422932185,0.20090166551296676,-0.04249671168365324,-0.18479453922289305,0.10950370172983832,-0.07806653497116325,0.07430311724552191,SG,Jimmy Butler
jokicni01,0.5192153262713556,0.5695122621382307,-0.16866946176352185,0.06814199053679233,-0.05817493580530784,-0.10775549519755172,-0.03550326868740063,0.021159148747998006,-0.08360086668116157,0.07498470281852679,C,Nikola Jokic
warretj01,0.08711244593916459,-0.032035109427212355,-0.09300891070799766,-0.08085055409792993,0.28038598004556814,-0.058612248488528404,0.028904985415165594,0.06625046700901718,0.07088213801560621,-0.04616360951938731,SF,T.J. Warren
harrito02,0.08408190304974243,0.05393133119966206,-0.0458532171476767,0.15645452364021328,-0.018314290602439182,-0.0406614346385387,0.034428241957741725,-0.05661396590294105,-0.11358545344688387,-0.06743754689174201,SF-PF,Tobias Harris
vucevni01,0.4073811682462824,0.13668897390920656,0.07805781440289737,0.2930507529714486,-0.005491175805752593,-0.16361203291881432,-0.01040383271362343,-0.01517797576412956,-0.19553848097822857,0.01213642667146394,C,Nikola Vucevic
randlju01,0.3555453756836143,0.25649648165922484,0.09351947987307967,0.19840622948963968,-0.2287891364984201,-0.22401980392504275,-0.0036102968764892677,-0.01905392669368209,0.13002253385397797,0.044465682481530294,PF,Julius Randle
lowryky01,-0.02210523774749603,0.7009297523733832,-0.09637593849759939,-0.05968335651254563,0.015953864321655523,0.04980522932082185,-0.004818203040251634,-0.06432472498381044,-0.05745954039526202,0.06287484791863779,PG,Kyle Lowry
hieldbu01,-0.1425562396808189,0.21646511339130725,-0.027676854228346915,0.09271898027194131,-0.015798177114816774,-0.055389279729744216,0.02707866969105333,0.015704180042897916,0.10737123891488917,-0.0076799919599907784,SG,Buddy Hield
holidjr01,0.1802250560539738,0.5883488000899932,0.12286418071897227,-0.21442883690018621,0.02465439699653404,0.13853072887212178,0.02629830856370476,0.07191709247084349,-0.0009719316509842694,0.08790336387615874,SG,Jrue Holiday
gilgesh01,0.06393559043834171,0.20412053372053,0.01234485099832017,0.06040041240854934,0.10115010267571034,0.01585422738763575,0.02861795120864458,-0.06265010266956644,-0.016726209048159933,-0.09550561077051008,SG,Shai Gilgeous-Alexander
schrode01,-0.12592002210585607,0.22964746244248768,-0.20708782379853252,-0.011767134675664545,-0.09358792190420326,0.02338277925501094,0.06018589671935193,-0.042820189420019264,0.1000681267651216,-0.05535733951055266,SG,Dennis Schroder
aldrila01,0.2966928847429798,-0.03445720876497617,0.02136760628062087,0.3133763394402648,0.08119500920413869,0.19826775467682015,0.0009467744873710687,0.06844310590296111,-0.06002508353512079,0.01710505755270968,PF,LaMarcus Aldridge
gallida01,-0.2270299949662226,0.008493393458723941,-0.07374895569086785,0.19961805536996705,0.05212333679527048,-0.13318349079555056,0.011142891008593434,-0.01578513787130776,-0.02128043320789015,-0.09425809836917996,SF,Danilo Gallinari
oubreke01,0.11005982750944988,0.08337337241138615,0.16586053446312563,0.07973234612807346,0.21668244087550384,-0.07670789459769659,0.024172493416816453,-0.03686758074029121,0.03376761976368398,-0.03346048652490405,SF,Kelly Oubre Jr.
harremo01,0.5812788505293406,-0.21397705111463433,0.028341888620598728,-0.051509936836948024,-0.12750876532476021,0.049444250720035304,-0.25870677023764393,0.005940221972384877,0.1106840388085463,0.0007011324463328746,C,Montrezl Harrell
sabondo01,0.6659796850998402,0.30888090517406785,-0.018638745120430383,0.19976209391731053,-0.24343148279633167,-0.2540879397037319,-0.037984103937127374,0.016972763235485133,-0.07563004233981772,0.012771872227429953,PF,Domantas Sabonis
fournev01,-0.15477198552051752,0.15915656280747925,-0.1014652826598444,-0.13807167686789792,0.11641477751267378,-0.006015116935637802,0.04674442763337903,-0.0004791176376239096,0.07252810307826672,-0.021865608754949778,SG,Evan Fournier
murraja01,-0.08824689020201398,0.3322185380836064,-0.13875804675665568,-0.01632158526761959,0.06543371815221082,0.005143206696147014,-0.05935878865831373,0.03442404756918152,0.012033251204580145,0.0315547978058681,SG,Jamal Murray
willilo02,-0.2495648265269241,0.3909166400110031,-0.1296759391855232,0.03399281134202611,-0.19841386789616064,0.09473011031022309,-0.03286963903375957,0.04386603532300263,0.05682837841107404,0.01092908826646962,SG,Lou Williams
grahade01,-0.2812098248080005,0.6137892603649978,0.04211377354471354,-0.008132760730630849,-0.2354870274692108,0.11555378799618399,-0.04212318774021319,0.13591472938555343,-0.04750864578948168,0.041430594545491806,PG,Devonte' Graham
rosede01,-0.11185629574762948,0.30438260173562015,-0.28883056511584704,-0.11185010255379654,-0.06727154767601184,0.1143188315270417,-0.07912742393994006,0.03522300363294615,0.04338259906888824,0.008060416659043444,PG,Derrick Rose
roziete01,-0.20478355961305414,0.32041484122975455,-0.012245345826427558,0.10561898349977956,-0.007171114388570721,-0.027337416463378485,-0.011055272522010455,0.09071629687346175,0.03401420272468296,-0.01343371222410532,PG,Terry Rozier
moranja01,0.02104258504864841,0.5247011522204322,-0.17555389912906522,-0.15760543429886553,-0.23097402015852783,0.10714629505576782,0.007814798718563862,0.037319466370111944,0.02169632322322605,0.02484259269424745,PG,Ja Morant
drumman01,1.1553307606173935,0.4654385648526577,0.5458822092720932,0.1804873677441528,0.06068502667258076,-0.1641650046079155,-0.06539049640078967,0.043509231451324286,0.18081702506911881,0.06860005996454016,C,Andre Drummond
vanvlfr01,-0.21022262500210395,0.677916079687723,0.12681038742674075,-0.13713810889558423,0.23189044801925232,0.020104048866742896,-0.032889577808091715,0.08568747122943474,-0.10568580625627998,-0.03859988230620728,SG,Fred VanVleet
loveke01,0.15889618275642506,0.24093508975313171,-0.11865959672820127,0.3443498236341419,-0.1216486368929644,-0.2075403394803604,0.10291600942287113,-0.20822469489929435,-0.01797626166416157,-0.10765913480209136,PF,Kevin Love
paulch01,-0.008302521250761844,0.594113616954592,-0.19977449270470546,-0.11504884543332963,0.22355483062877451,-0.06217542928101383,-0.03464378614845166,-0.014105654477012048,-0.1167500474625738,-0.049855698825390704,PG,Chris Paul
haywago01,0.11154570215268275,0.14829318954906026,-0.2108653148531314,0.12223060960118946,-0.024627666200550208,-0.07482433390588543,0.02105780752451558,-0.022459950093885836,-0.08472156997504558,-0.03506804324902981,SF,Gordon Hayward
jacksja02,0.17490551941273175,-0.11964984339212781,0.04333740567986831,0.10436691767950973,0.08366687611386593,0.2993117290785259,0.10847435026730788,-0.06792011971962693,0.07583323728107856,0.01670484587270383,PF,Jaren Jackson Jr.
morrima03,-0.1090502478208408,0.008546973001509323,0.08175109332129141,0.18435520145512155,0.031054354347659834,-0.026162153449123548,0.03372039773253845,0.055105244903311694,0.07907290525377322,-0.052143325177673776,SF-PF,Marcus Morris Sr.
brogdma01,-0.11799048000746142,0.41986391952783364,-0.23818909757958787,0.08833391283457981,-0.2263930621622877,0.0398302190287408,-0.09121618374537874,0.036277989188589765,-0.12639530128871437,0.046026263210166646,SG,Malcolm Brogdon
simmobe01,0.6293972477548175,0.7748503807279428,0.09291496673148107,-0.41972481168537507,0.07582547233821069,-0.058344603615842386,0.02188519505634018,0.10306804687840368,-0.02948769638507494,-0.010642116927139003,PG,Ben Simmons
brookdi01,-0.21689691133271047,0.06535620333490229,0.11371760602763137,0.059349481500620485,0.01232349507806159,0.027409014604553448,-0.029111728277503624,0.0725281550515399,0.10290072977859319,0.025388682789191784,SG,Dillon Brooks
dragigo01,-0.14460317245476356,0.254392829501294,-0.1091880776638132,-0.09215594528094857,-0.18461195683761877,0.06120859104766816,0.03773024484219655,-0.0023737220520044073,0.012768713343848218,0.014533244477981386,PG,Goran Dragic
powelno01,-0.023235747786703852,0.03714536791290418,-0.12149910633395651,-0.08009428391553593,0.27883175887944095,-0.052019670234113066,0.04845223219683303,-0.04102749074098352,0.07602060092777108,-0.033856957112446004,SG,Norman Powell
adebaba01,0.6979097057633499,0.3354589290186741,0.06569028315787288,0.05880178076064414,-0.0950927946290909,0.0538394042845348,-0.10336520826014413,-0.0382468248432281,-0.03040124858313007,-0.054786869540108724,PF,Bam Adebayo
hardati02,-0.2861240064717435,-0.09187152336446516,-0.02614714326717995,0.055387286169556536,-0.01983643033391186,-0.05653535758181607,0.02145893850706202,0.02019593265217795,-0.015678419740163953,-0.05992082402098353,SG,Tim Hardaway Jr.
whiteha01,1.1304247816078938,-0.23841582500539663,0.056294457835984704,0.5503818088996302,0.013558835755899742,0.2926507726678208,0.2674289919550636,0.14604566613255227,-0.07131369120987688,0.051853465919914944,C,Hassan Whiteside
bertada01,-0.18492142788872534,-0.048111167491462076,0.019534567448733272,0.19592862259797394,0.06710754132023404,0.03045763207300402,0.03494000014596648,0.020642988854772216,-0.021577672970427224,-0.07108286994270135,PF,Davis Bertans
anthoca01,-0.06500748613874642,0.0543985963929934,0.09070023432414359,0.2691245070294315,0.019961308632246582,-0.06926205168638273,0.006853630038526909,0.034444269815071975,0.06687367696807905,-0.05178807148254416,SF,Carmelo Anthony
ibakase01,0.3632450363822229,-0.10285306954723808,0.011258577532549845,0.18640817511197497,-0.12900504051870734,-0.06097066742387351,0.09725012754231246,0.019362121035906198,0.08534051050109741,0.004034687665674008,PF,Serge Ibaka
nunnke01,-0.23126929642796576,0.10196964985215816,-0.1275008568234001,-0.032573189172392686,0.018917174736767288,0.01596714849725687,-0.01891300499859185,-0.02770938909322203,0.030963234106144485,-0.005464376003355986,PG,Kendrick Nunn
redicjj01,-0.35321776145238387,-0.10225768318863288,-0.1862915607262626,0.15786974213589502,-0.07267814856427109,0.03310264310180122,0.042820952930937094,0.05951002931045558,0.03272510210525744,-0.08851433882964543,SG,JJ Redick
clarkjo01,-0.19033807699071914,-0.09744550835388416,-0.14028829906746332,-0.009289978790353214,0.006598281425221445,-0.011483048227414187,-0.01212332922077677,0.01887772442952464,0.0836855686553683,0.040420705846653776,SG,Jordan Clarkson
bogdabo01,-0.1268538332554691,0.12331990909137087,0.01903840424115285,-0.1461054245695292,0.005590877367995993,-0.02321518265547383,0.06394260310063243,-0.04353918743231923,-0.0008387548506399027,-0.015417453777114523,SG,Bogdan Bogdanovic
goberru01,1.2504132914081154,-0.1747392126935457,0.005527321424125761,0.14625796952663142,0.01840886517268141,0.015881050532596634,-0.1601307559245454,-0.12917453130524675,-0.0004602733158268554,-0.14225996066282082,C,Rudy Gobert
bartowi01,0.06357375981294357,0.1762474410676903,0.10402441133327169,0.042048648629020566,0.040826166471667924,-0.061862453732807667,0.01354304471232621,0.0408860093576406,-0.09471746950777532,0.0005438878590972374,SG,Will Barton
burksal01,-0.250431682709397,0.1299266653996629,0.009017496284207564,0.15161289307351655,0.06463078564718058,-0.02619037425579855,-0.045666327351582485,0.06533632569671796,-0.017727032123034,-0.029576426883127796,SG,Alec Burks
bledser01,0.028294590027485394,0.31040279537649673,-0.13838850711840267,-0.08137170145334557,-0.08202097041173133,0.043929670646032266,0.02154162783179102,-0.03193789670683406,-0.029508843165422318,-0.00788977217943684,PG,Eric Bledsoe
valanjo01,0.7071045937192094,-0.14365603279757228,-0.10883231088894266,0.29246598019455833,-0.11571217229863129,-0.10457725124201686,0.04649599630884884,0.042033897407372234,-0.01839925200706243,0.013137853628363175,C,Jonas Valanciunas
markkla01,0.001600119262903065,0.007672411452115431,0.04711972916451104,0.19519269958087843,0.04062405473891636,-0.08511728386043574,0.001458654652561291,-0.061878167830248784,0.050802421035203285,0.012401696695794513,PF,Lauri Markkanen
rosste01,-0.3163659830996212,0.006229749224139649,0.10597395672092998,0.06073540202391374,0.20671624278160783,-0.04273964284251879,-0.02989891470548763,-0.03299884168056371,0.03282008570345131,-0.06981291676604706,SG,Terrence Ross
barneha02,-0.07262316965421589,-0.0739723142913055,-0.045143030458868826,0.08070135533973945,-0.048508724799795205,-0.09991803760382893,0.009090118944465642,0.03829091070296124,-0.021066695826380964,-0.005006502703243867,SF,Harrison Barnes
harrijo01,-0.0032346389996776863,-0.10425076131023991,-0.05864903976701113,-0.0720696313919748,-0.08491206469772852,-0.07250945762482257,0.12083318079230368,0.008379280238581074,0.032321310225430964,-0.015701711225467894,SG,Joe Harris
gordoaa01,0.18414355316875966,0.09946690006650515,0.19846283697578823,0.06919127562075446,-0.16537723022222206,-0.05619115570440408,0.012819849847793798,-0.00818171852665336,-0.11277200894768183,0.019025342422591386,SF,Aaron Gordon
barrerj01,-0.05252538616870556,0.1502366751713918,0.34589689760731285,-0.08381507662538316,-0.1764685422680921,-0.03954682243803861,0.08371080447390566,-0.022407083874092695,0.08879117152158496,-0.05420085948714545,SG,RJ Barrett
pascher01,0.052583776552783186,-0.11723929340128911,-0.1253079957589272,-0.014443168378868118,-0.11145710964629708,-0.0829204809760185,-0.05370141941851269,0.02789890381108651,0.08070144330297144,0.03035564621489795,PF,Eric Paschall
richajo01,-0.1134745194078458,0.10107604039490006,0.007708650113484186,0.002063748901190884,0.040275685434998765,0.1325338232984821,-0.013588935364855009,-0.00405973588078915,0.07878098337330555,0.034663304032956574,SG,Josh Richardson
herroty01,-0.2716721294797807,0.03876997581748104,-0.06486880143083013,0.16484435465005204,-0.03253642466153716,-0.034453598246615987,0.019799266863860986,-0.023729316631614636,0.03655542954956088,-0.09594459156211158,SG,Tyler Herro
robindu01,-0.16284849456205164,-0.1894821681295484,-0.3935333914138278,0.061912440388865675,0.1809758723280309,-0.03530010030691065,0.07936006884131913,-0.16014205079712357,0.008602095165634545,0.03444336729023437,SG,Duncan Robinson
whiteco01,-0.297734559733243,0.10682652978056341,0.09247281195708243,0.03510116228858771,-0.07438490265400906,-0.035977035362118964,0.007537611697297951,-0.009352296634070714,0.040513919639848066,-0.0415914192363552,PG,Coby White
woodch01,0.3670324051066483,-0.26593900006832083,-0.16761193837014432,0.04313112808136243,0.023821495324170706,0.003328871664228264,0.08631710073797802,0.0033022109758893046,0.058920126951860045,-0.003388019642423345,PF,Christian Wood
rubiori01,-0.14655041052045914,0.7653883895836896,-0.038976584841289436,-0.059426807033542965,-0.055971624871092154,0.04196785783309316,-0.07158354512542589,0.09483158550390675,-0.17780467880193815,0.02724706982902688,PG,Ricky Rubio
bridgmi02,-0.012279107845652353,-0.05093851426921814,0.060522568745808074,0.20674091529001737,-0.04649968161765736,0.022011960093328557,-0.0348578882543983,0.0064267238709682,0.03654173479478326,0.044658874363463226,SF,Miles Bridges
smartma01,-0.2279636755724055,0.4663225009551998,0.24070233232492677,-0.030469695400735342,0.21911276466071428,0.04179935545229451,-0.08604759476138493,0.08320757453548429,-0.0759351869779928,0.03177501018838242,SG,Marcus Smart
kuzmaky01,-0.04807873107988727,-0.14895246674126728,0.029699373084580354,0.03646920283414529,-0.10707408629477405,-0.02360069996556193,0.030551607929316136,-0.08162797360702355,0.07581140719047592,0.005170501119347632,PF,Kyle Kuzma
leeda03,-0.2048432785795417,0.139478892595793,0.01012193569091019,0.11352678504780993,0.090338312986231,-0.12858322232318564,-0.04394024441960034,-0.003340939197545568,-0.017996802528693515,-0.02823990519086622,SG,Damion Lee
covinro01,0.23806839264202448,0.10668587716028612,0.1410691393137639,0.049378273460270454,0.45039506047386746,0.04457653626590181,0.06175851148576581,-0.2535425663892736,0.01974339412120842,0.06657975082270497,SF,Robert Covington
curryse01,-0.22256547748200692,-0.15172615062285802,-0.17878038612070893,-0.05935086666031864,0.04063517973638648,-0.029829284991572582,0.060527513201270935,0.08118568116818191,0.017634868522992266,-0.051756974640002715,SG,Seth Curry
huntede01,-0.17946024418840023,0.00099749390823837,0.12526928052862274,0.0920131056476471,-0.0819570922436946,-0.03598425723114869,0.03152421994664896,-0.018227179878824787,0.056431951503185265,-0.05056900648671705,SF,De'Andre Hunter
garlada01,-0.36826725935424326,0.26353210706444924,-0.0740475002768165,0.04578026722703261,-0.14098017331844723,0.07608992862364768,-0.05404890204764703,0.08592977854812242,0.16595823482086614,0.029260528533374273,SG,Darius Garland
washipj01,0.10407349567746375,-0.01662304051149595,0.21283297603116072,-0.036984047367907384,-0.03946961357586164,0.05183852249915663,0.1203721637565255,-0.0311504756652284,0.00795750443886734,-0.05137811158980277,PF,P.J. Washington
huertke01,-0.19974425853422376,0.18123254963452523,0.04701488876525964,0.07799162333258176,0.0007517951065269769,0.06499655567368233,-0.008452399098967354,0.033217215586268216,-0.05180261009060508,-0.01861904196721044,SG,Kevin Huerter
fultzma01,-0.04811261576358108,0.31239252935543277,0.037013192650857764,-0.26821279303251544,0.013847566216595324,0.00031172026314702737,-0.05487588372116211,0.008595752262035917,-0.02649582462909471,-0.02186135596078408,SG,Markelle Fultz
turnemy01,0.3009242446184265,-0.14001831370485918,0.16352473863706082,0.27412956791548515,0.1084883679846045,0.3576752341449094,0.054665008999055506,-0.08743497396676625,-0.005536789816130487,-0.0003361482920488109,C,Myles Turner
princta02,-0.16129102771781592,0.1541386859117041,0.22125387470864066,0.22328546244793537,-0.040765704551701074,-0.06411772923033819,0.01686548861400443,-0.05790291527089485,0.08437179736551251,-0.065558334275969,SF,Taurean Prince
clarkbr01,0.3979147767668319,-0.30075299045145587,-0.2528380047401042,-0.0470550897835904,0.10742797604585973,-0.03066205758595527,0.03460045994014069,0.03760525283518239,-0.024209496581953018,-0.05791078830272963,PF,Brandon Clarke
thomptr01,0.6171466130256578,-0.10746009826767478,0.2417650382565436,0.18964005953177818,-0.24586843164877026,-0.1238200452416996,0.03077206830048667,0.28084327988645647,0.024445459843866788,0.20123261130554473,PF,Tristan Thompson
grantje01,-0.016814085322830772,-0.2169537023766178,0.011264525574021677,-0.016485917344693356,0.08209614780507597,0.09357085296648973,0.05654534124895477,0.00648671913579449,0.006737124077437715,-0.01690231078437824,SF,Jerami Grant
lopezbr01,0.16604892119445272,-0.1713462254689418,0.05865776708940477,0.2724082979821096,0.23911889683401957,0.5164766409369931,-0.021502459087928433,-0.13573371365601986,-0.049115611366229196,0.049610221982108176,C,Brook Lopez
horfoal01,0.15097623954024478,0.07087232116355441,0.061492801633958455,0.11689488075841975,-0.024456024871481276,0.04933477569865454,-0.007126953474270037,0.0051387701369490675,-0.18017362019151462,0.042883972035328004,C,Al Horford
balllo01,0.15137058050498173,0.5979221858473026,0.3360972005355831,-0.21971507787136252,-0.22557209399100064,0.07767085713127453,0.15308445699426476,-0.011782398812312205,-0.07317234145969745,0.031077960768224763,PG,Lonzo Ball
robingl02,-0.04387927361868366,-0.10676368436953813,-0.09054385783918562,0.04578940594996209,0.17595010818274895,-0.10371642470526647,-0.042650569732158874,0.10242097013025224,0.016028354002908474,0.0401907054296876,SG-SF,Glenn Robinson III
millspa02,-0.3239267608108023,-0.11489330231133814,-0.12503675708757533,-0.058022270680160706,0.14749869480118666,-0.03008854532629335,-0.02874217146615111,-0.0003661280730433489,0.01250398422730975,0.04756315271657591,PG,Patty Mills
bjeline01,0.11266478593703105,0.047696336655034643,-0.03725587055048255,0.11761210003051531,0.08263598716992918,-0.05417126883357141,0.02777658643545734,0.06478228743626298,-0.0487277145051354,0.027795728201063498,PF,Nemanja Bjelica
whitede01,-0.11509817169169857,0.005466607665436653,-0.1268594482927691,0.08312494068875925,0.021539835898419384,0.20271458288310598,-0.018311726456898127,-0.0031278473541175886,-0.07182801075475416,-0.01542960376415867,SG,Derrick White
forbebr01,-0.4002463190420583,-0.14312047880967727,-0.05634583078188799,0.027161764764025327,-0.035654230739439415,-0.03135575932495161,-0.0013533660846066942,0.018880409774851916,0.00985154868662691,-0.030575425315583972,SG,Bryn Forbes
beaslma01,-0.32582547741517526,-0.10342540916542221,0.010798337732238686,0.027403265561655607,0.030128567785655407,-0.049247497013895816,0.01352370552580074,0.015126121419956288,0.029878675671276764,-0.056288876179455376,SG,Malik Beasley
allenja01,0.8709272562507909,-0.3261018338565885,-0.02642605581169901,-0.030093940423774147,-0.06000255109909039,-0.02721269943642598,-0.24295347008614634,-0.00961271701053331,-0.02661656033520395,-0.036704890041263316,C,Jarrett Allen
zelleco01,0.37781075116496343,-0.1971903782260529,0.05910510957830847,-0.02073209557712421,-0.09178489541382738,-0.1773223650477444,-0.10478406829170141,0.12944559258384714,0.05729440387014218,0.12418991075368284,C,Cody Zeller
osmande01,-0.12391339361133255,-0.03254819367625541,0.13266104890244002,-0.1300670667911,-0.09202446520049432,-0.0361008371032844,0.09783323532020276,-0.00592143523357761,0.003448328255741293,-0.036033901679807946,SF,Cedi Osman
murrade01,0.030848784034213452,0.4015726234643548,0.13602757137883337,-0.07289886710189208,0.231083941524703,-0.12484530980296787,-0.005120008078539037,0.05856032722347359,-0.031361260051874645,-0.05188034513939983,PG,Dejounte Murray
smithis01,-0.1457356352404512,0.15874274848905667,0.0511980066380594,-0.14754058836593678,-0.08125778538480345,0.08574006420013194,0.030153463357301447,0.03608805004682933,-0.1405580407203373,-0.04868402841171558,PG,Ish Smith
teaguje01,-0.2713174876715532,0.24956497862060856,-0.1496247310162682,0.007556359074635325,-0.1014240218572516,0.11882451675895594,-0.05853799796566672,0.0929186145119338,-0.02446129723545983,0.016618250999374324,PG,Jeff Teague
adamsst01,0.7345247255325208,-0.15634408949246603,0.13133845423007773,-0.02352462013115037,-0.09808015888746367,-0.05613826895704975,0.03906066321560845,0.18339600514883703,-0.027869204067446196,0.0696458519912876,C,Steven Adams
gayru01,-0.07828381690309572,-0.08233725265187226,-0.1143784461775667,0.23060384118990865,0.010207698021355757,-0.030187977145993392,-0.03713015811683225,-0.05930331965999551,0.007607640148526108,-0.019316438612620796,SF,Rudy Gay
saricda01,0.058320314913776754,-0.08987617646384706,-0.14821395244614954,0.12833019759948777,0.006893784798670791,-0.1674531892589102,-0.0227583002634358,-0.0019418600831684844,0.00672281953604362,0.058233681975682856,PF,Dario Saric
anunoog01,0.19690082025108532,-0.02376247510301597,0.12736850131283553,-0.1424977178738513,0.27281242298810265,-0.058459861619192005,0.07787734772580848,0.012598633005498813,-0.004967242132414886,-0.018685247431497038,SF,OG Anunoby
crowdja01,-0.02920988554670193,0.06344002310853972,0.10680755273595559,0.031814972875833285,0.12939367352102615,-0.11250219334857545,0.02635755918635373,-0.14084304498224756,-0.09514620661441876,0.03533515523140773,SF-PF,Jae Crowder
reddica01,-0.23309085939915072,0.09863094605871726,0.21417326062672618,0.07996574365382202,0.09606881260764244,0.021467537780169202,-0.019411739473236378,-0.012405241925213778,0.11677027365060705,-0.024587509101034324,SF,Cam Reddish
augusdj01,-0.4179956128779343,0.16550429121946925,-0.10992993234576708,0.05023015530455278,-0.11887772201050875,0.031123810064317855,-0.10073053363546955,0.08095998274103369,-0.06020640471265492,0.02538213092993734,PG,D.J. Augustin
houseda01,-0.05269588090630365,-0.0786321732471724,0.030021111483148587,-0.011702134381182913,0.24335210640087898,-0.05947464024812814,0.003137605969364464,-0.07006510653770638,0.002300979221524084,0.08552468398261129,SF,Danuel House Jr.
browntr01,-0.07067364730772886,0.09828611905579113,0.13068785975031838,-0.0024380266103943044,0.11310991020536125,-0.18166193427604743,-0.03676085826355397,0.03978326319735193,-0.05982736401869881,-0.01999755819904035,SF,Troy Brown Jr.
harriga01,-0.23307326829102037,0.10214894126150308,0.14919932416560885,-0.08011366378946673,0.2533538656724824,-0.04017917478257332,-0.05910122057126281,0.032720971534248605,0.021036514133918258,-0.021813674593041142,SG,Gary Harris
templga01,-0.2411338369299112,-0.013602557035109222,0.08547087960752757,0.054339309726316364,0.038743369584660306,0.04545292749388088,-0.03076097302229048,-0.07260681112365687,-0.061213576831282805,0.04432621824866001,SG,Garrett Temple
napiesh01,-0.1619764631785378,0.34044041047584617,-0.05513237586556992,-0.13903764878551322,0.05320999536069134,0.015417171702218789,-0.03793946471657037,-0.049694967123697927,0.04717469910175047,0.08417059539898814,PG,Shabazz Napier
youngth01,0.13502472517475506,0.041695319221497495,0.36104742865021294,-0.23384132072001115,0.059005338115653894,-0.10121821605922064,0.09065155481581924,0.051054576283410674,0.07329089143262874,0.040579515425590566,PF,Thaddeus Young
mcderdo01,-0.22284169090212105,-0.34601972045874996,-0.25302739361064874,0.013055284375229768,-0.035932829246294234,-0.043123694708056375,0.06271179709969354,0.005264673958407551,-0.01302944291277544,-0.028978974442779228,SF,Doug McDermott
gallola01,-0.30831031394762964,-0.16392055968349128,-0.0689492365943508,0.026076318548040867,0.11162496100099213,-0.025763362585927173,-0.025908996476063463,0.05040787463816593,-0.017381090562212265,0.013924375033435882,SG,Langston Galloway
monkma01,-0.1812998056527196,-0.10380056261329187,-0.12275499595948966,0.0013621569041688518,-0.04728270152193106,0.02194203478623977,-0.051031039866325574,-0.09092535095591486,0.05387393057368907,0.026772652963551222,SG,Malik Monk
portibo01,-0.06235341854581788,-0.1594847427452993,0.03562767160419622,0.10126091811946746,-0.09420035696922074,-0.07963041778906933,0.008519345612445946,0.030910526590969167,0.0004497019719368881,-0.009711048274865726,PF,Bobby Portis
hartjo01,0.07260618122326949,-0.023528224089022415,0.08952081572455466,0.019118701421262405,0.10221478242215677,-0.14980047881500164,0.07301915374131085,-0.18507645152809998,-0.047224578039181384,0.01982746105374401,SG,Josh Hart
nancela02,0.38307270338633986,-0.10532960965845943,-0.006826294673902447,-0.12214236899681973,0.07627696735172713,-0.20147859116186317,0.062178568084536256,-0.01732179208498049,-0.06811320848496899,0.05541953001796615,PF,Larry Nance Jr.
mclembe01,-0.07581717372066424,-0.3433268773152349,-0.21486225524764474,-0.2203281513985076,0.12813220267812467,-0.06627168611985193,0.13272722030352602,-0.2332433540383908,0.01646302400730806,0.15654047383238065,SG,Ben McLemore
porteke02,-0.12656112738813638,0.0451231632989456,0.07220992655085047,-0.1120256881876131,-0.027274514519230807,0.007149559089991217,0.05587861203547038,-0.05345245944099886,0.10813369434488679,-0.05480744777540057,SF,Kevin Porter Jr.
satorto01,-0.14171036282146615,0.37921714248040905,-0.05680688354950601,-0.03610799182537382,0.03863229640607949,-0.04631764092719306,-0.13493490926665497,0.12380134713057125,-0.029918488153857097,0.10286677428037616,SG,Tomas Satoransky
inglejo01,-0.13453828170308563,0.27886259682870873,-0.07705146023020577,-0.08221466572907261,-0.07801609252176292,0.012174930096239291,0.056277758442677586,-0.00632207178145364,-0.0774766812674716,-0.023500949125631197,SF,Joe Ingles
korkmfu01,-0.287788173097992,-0.20653525970057074,0.04626006140845633,-0.03370639089397402,-0.010132234806906702,-0.013586295541522684,0.06169609765445599,0.0035444950360870513,0.012812823633602732,-0.046661380075653965,SG,Furkan Korkmaz
robinmi01,1.0395664204156554,-0.5225829811190735,-0.039615481578962455,-0.29178938465098686,0.18905447780214302,0.20345221132964292,-0.22948220677123368,0.0640813828457429,0.020617997210181056,-0.05684542666184542,C,Mitchell Robinson
morrima02,-0.1545882932116504,-0.15215789754892983,-0.011951415684730245,0.05780153352182863,-0.0657001911024499,-0.024979110132769596,0.0535208690332937,-0.011255721909733504,0.056903023739721524,-0.024914519220246734,PF,Markieff Morris
finnedo01,0.1707291604424188,-0.22079308473951728,0.004636053276782416,0.014999315691532277,-0.033016124040969236,-0.08643916900668917,0.025060163831806988,0.04270113371404247,-0.013279666508338377,0.16724354356532378,SF,Dorian Finney-Smith
holidaa01,-0.380411926528413,0.1032603393371852,0.0071385353705468915,0.03527815523204764,-0.008006881573013023,0.045021678790850776,-0.03206219504940053,0.09668562588331028,-0.031934387929063855,-0.043137652972735155,PG,Aaron Holiday
hillge01,-0.10182369149243196,-0.04600399683858593,-0.23330024448291029,-0.0977949842353042,0.10035684523189947,-0.06673012840585175,0.034236490112442876,0.1220314828893522,-0.054274114287373505,0.008481931883871589,PG,George Hill
caldwke01,-0.16335546971697743,-0.16982371017439957,-0.0706022450537496,-0.14641732538238142,0.0952305157515867,-0.02801711424650765,0.023812397061610396,0.022184480260716892,0.030861440630792245,0.03362479018335813,SG,Kentavious Caldwell-Pope
portemi01,0.020471268340459734,-0.2600516635974924,-0.15578154531070218,0.1111052076771758,0.07039141464707026,-0.04673569647635268,0.036594742777434415,0.05399045195474973,0.02619672106450238,-0.007374636334610924,SF,Michael Porter Jr.
chrisma01,0.37387889207143965,-0.16846004053597846,-0.08802243927461458,0.03575395652752865,0.06044191580279673,0.07087704043493154,-0.12282799784514772,-0.006559888318329827,0.018863053903505327,0.02563486119482871,PF,Marquese Chriss
shamela01,-0.3875211230819044,-0.17206407127024922,-0.11690533171224159,0.054216230642015334,-0.020980032365183535,0.03306794355960681,-0.009024387271910175,-0.05088499537146018,-0.025305541960097905,0.014257056439445068,SG,Landry Shamet
theisda01,0.44770932976399547,-0.2860353794707207,-0.12474532889224352,0.07306459465940972,0.10205706194309687,0.09207378982375612,-0.028619086834371858,0.0659604277518525,-0.06459954473429821,0.07111470303595072,C,Daniel Theis
divindo01,0.0404125611698784,0.07131430514935909,0.10440164628573004,-0.1380199811605616,0.1629294951847428,-0.11696644822961488,0.02035418578989292,-0.03575024035757003,0.01409517470107207,0.02212623872332475,SG,Donte DiVincenzo
culveja01,0.037689680742521,-0.15967539444655923,0.4564149477477129,-0.3093280115974599,-0.1822197134227676,0.06390002467554776,0.11743255638532592,-0.03738202991267118,0.03215993638688531,0.05653407916705059,SG,Jarrett Culver
bridgmi01,0.08882958590478923,-0.009280998985274931,-0.10188640672220725,-0.12074558603790299,0.40619769200502553,-0.047510841381721396,-0.019132977353468483,-0.0168932183914228,0.011405649663538658,0.026943365636004492,SF,Mikal Bridges
klebima01,0.12841710304662038,-0.31519520090313274,-0.1877723242770951,0.2048686320759346,0.062485541010725065,0.1107331082062559,-0.0008037836349419722,-0.07224249371244956,-0.035165899062328164,0.16067738838767306,PF,Maxi Kleber
morrimo01,-0.29233014701583565,-0.023379835335538314,-0.11745853308083314,-0.09213173454806049,0.07605968438832383,0.03310035400455684,-0.04980860164347105,0.07738718884018862,-0.11286663233094053,-0.015918163422959535,PG,Monte Morris
favorde01,0.792642674982248,-0.312915409686123,0.0805972899973324,-0.06645065619075169,-0.15168118522720253,-0.14437327791701868,-0.09412924806649092,0.0552885517021045,-0.04533327770966099,0.0012281719666977803,PF,Derrick Favors
mykhasv01,-0.4062505370631349,-0.05421099704272868,0.05335075108067417,0.016429097435985356,-0.015052946598447726,0.0033068161729871903,0.0035483438842712936,0.08447319909882181,0.03452451802118691,-0.041685423302958886,SF,Svi Mykhailiuk
brownbr01,-0.018184996298870323,0.200570815776794,0.14181829983524155,-0.0439445900877059,-0.012598640710823268,0.017356170601694178,-0.010485318773584091,0.07164173166428432,-0.04763499136331106,-0.005241945366629946,SG,Bruce Brown
trentga02,-0.31277072035987274,-0.23441444132602876,-0.008475458073397965,-0.045340661155159834,0.1715512841680196,0.006925329635921025,0.0005282905544210759,0.07357359672169336,-0.022936381415791237,-0.002002344907274603,SG,Gary Trent Jr.
johnsca02,-0.17061880822934192,-0.23281422445774316,-0.020172566074384956,0.045047510428513925,0.05933667517502415,-0.013680058449323802,-0.0009181487752936127,0.02513369003287315,-0.02257548213216281,0.05883636529750532,PF,Cameron Johnson
poolejo01,-0.49412039222231746,0.017838558910155664,0.1895833266725979,0.08673935674037346,-0.1419594770044939,0.064481853225719,-0.08907273683854457,-0.017610320053222644,0.02270465635773819,-0.01087501954486371,SG,Jordan Poole
bazemke01,-0.2586617453025049,0.06924196802469901,0.3249042386276738,0.11960379263804492,0.0864703299224098,0.03005874597673558,0.008809440660227598,-0.021856073442811947,0.027145904047061437,-0.10551606924726632,SG,Kent Bazemore
riverau01,-0.2420000116307544,-0.1805436779859269,0.09719156843864037,-0.13191820502861182,-0.03471871755894835,-0.05069959756308895,0.041569706451709015,-0.0286847816955461,-0.03918568862410471,-0.010736764511857805,SG,Austin Rivers
okogijo01,-0.037742541028447874,0.003725960498032124,0.11161634899346203,-0.003782370159015208,0.12424619650479056,-0.06615873974114728,-0.11083192901158276,0.023895356617375272,0.09335450299782284,0.09121445430136241,SG,Josh Okogie
jonesde02,0.18516761000507292,-0.27237073897949515,-0.1531749016099297,-0.19285747298600728,0.28647494445239136,-0.05239870305913424,-0.045797557777332694,-0.09070326586605217,-0.020029773036918785,0.07257690155619045,SF,Derrick Jones Jr.
mooreet01,-0.25870758525034615,-0.22136360081301146,0.15373157531913145,-0.08980698994958217,-0.08885694438142264,-0.00540135953481426,0.04235811401456524,0.06101888588187956,-0.012894151129193081,-0.026476363126150475,SG,E'Twaun Moore
jordade01,0.7850560665879461,-0.30814956969563,-0.19930428230556546,0.02512913769620531,-0.16639541266481753,-0.11689817369022648,-0.21464469272510606,-0.09783004160554634,-0.04085448012312971,-0.15350647629860703,C,DeAndre Jordan
zubaciv01,0.5441170153083855,-0.4322618917459425,-0.1716755395258151,0.06988350554447989,-0.12364057742742278,-0.03789420329813207,-0.32529163777299025,0.02834661001524596,0.008910858594612152,-0.014456008804438477,C,Ivica Zubac
simonan01,-0.40294511504354225,-0.1770196566266931,0.007259265617605365,0.08346688112859141,-0.09101841621782111,-0.004055519072043731,-0.05718924863380585,0.020594676135295777,0.02999162357974751,-0.016655119404700006,SG,Anfernee Simons
holidju01,-0.22717255530371094,-0.05119868460379412,0.1943265024588046,0.003237416435468175,0.24594288822073176,0.028013422586915738,0.020209722910747366,0.047954586370369784,-0.04107954641829159,-0.07904187043414493,SG,Justin Holiday
olynyke01,-0.10433858278574915,-0.08517699358119334,-0.1292608734505139,0.09963203316745063,0.09747176656325435,-0.08151508457521874,0.030696338215783645,-0.03261208248331202,-0.008735454677766779,-0.018288697197288532,PF,Kelly Olynyk
brunsja01,-0.23921936434899863,-0.0763599063707778,-0.18355134841338439,-0.04729834719542712,-0.12335622364834335,0.01801258488553015,-0.01565514977852038,0.027020702470765826,-0.042167000736107976,-0.024325213367670687,PG,Jalen Brunson
kanteen01,0.45427595786987907,-0.3450812991518808,-0.02386623245944071,0.05866868003157942,-0.12512924637921924,-0.09623954351941709,-0.19718251382553428,0.11405440074627775,0.03852990440914237,0.031187978775913984,C,Enes Kanter
greenda02,-0.09691258077722897,-0.05358325508605832,0.2757387289801574,-0.14859775921377463,0.1857939527117934,-0.0219458308305222,0.046508082757357384,0.002361441932634176,0.011597819621790595,0.026508799649823184,SG,Danny Green
snellto01,-0.3624530796760538,-0.15339352294687766,-0.3388304124907793,0.1332395054205787,0.17883422207876323,0.03380009622758498,-0.08093275306358848,-0.002368107135956676,-0.06890859938711011,0.03960437945056538,SG,Tony Snell
arizatr01,-0.09092236115030372,0.05351946096957809,0.025633120640761172,-0.011939957188128705,0.28974342958845245,-0.12619702319469106,0.010662228404955537,-0.07213403183120715,-0.0019793148082440544,-0.005404144495378912,SF,Trevor Ariza
lenal01,0.376269623905201,-0.38391214921378114,-0.041543588633373985,-0.06616286870041863,-0.08034654838411713,0.025620568459522177,0.013867090186885117,-0.017638340586641762,0.018985583242828445,0.006328427875104393,C,Alex Len
beverpa01,0.0191980780610105,0.10640939710683184,0.23546257784699245,-0.09863575357982018,-0.023289073194929233,-0.01690104887164137,0.07577965016724542,0.03552487264239868,-0.112662318523827,0.008505987553843188,SG,Patrick Beverley
meltode01,-0.186249603838069,0.16855780161468517,0.21170910628389505,-0.07029366394481479,0.10972450999552133,-0.03475327019467903,-0.07415495193460309,0.009862708842899562,0.00019894427543717987,-0.006288921740705143,PG,De'Anthony Melton
spellom01,-0.10616824391545773,-0.1349544044354564,0.13975838282626732,0.15470739311593623,-0.0013436205292970038,-0.022457149714497356,-0.029013670607770374,0.16062433987275976,0.06368452805266381,0.053788802147298184,PF,Omari Spellman
daviste02,-0.16979563852303067,-0.16275692107706444,-0.19923334845543783,0.055616179285612945,0.03530888877655333,-0.05094516250511147,0.0023508434154876543,-0.021648502719563194,0.03348908577043008,0.04366592995467668,SG,Terence Davis
howardw01,0.859884254915915,-0.5191739314832692,-0.2250031047741051,-0.24859391994492652,-0.04225232856190546,-0.021205876342526728,0.3926951918381724,0.1547112960010986,0.0132648743825737,-0.027450975327769918,C,Dwight Howard
jonesty01,-0.27876662725438434,0.03867008354887691,-0.01995036264181166,-0.24840134671799544,-0.007569242757317575,0.03854018306692858,0.007545490157683894,0.06923598815452722,-0.1590794317915164,-0.04847440368768201,PG,Tyus Jones
biyombi01,0.36741529679657065,-0.4420718695376248,0.12320755391585356,-0.05010775882210572,-0.279107079549504,0.05783321816570675,-0.2559522334167187,0.027957349831739666,0.044827269215305394,-0.026016999142038602,C,Bismack Biyombo
hayesja02,0.4751708222751887,-0.5027499786893393,-0.27188823093672954,-0.2840918409612703,0.01055954755816983,0.07504141534179522,-0.0026232135347535705,0.03143062912719747,0.042492507726974486,-0.08417172342483988,C,Jaxson Hayes
matthwe02,-0.35128771662807645,-0.19255075949118558,0.07704433870920015,-0.020594402980299,-0.023667761903063925,-0.03827863212790066,0.011183495840812761,-0.023619616923284494,-0.033973001072876034,-0.006194898297002622,SG,Wesley Matthews
dienggo01,0.06527414889012803,-0.13424887786303022,0.12247317955594493,0.14038231053747352,0.08080745724230917,0.03715717111784837,-0.004127138001676705,0.03413099257155236,-0.007789478818111263,0.0019644518627901834,PF,Gorgui Dieng
noelne01,0.5592344795124773,-0.28461888177491884,-0.23982791917486085,-0.15182358197476697,0.33730900055123664,0.17102824298912286,0.019653896639831813,0.07191274264847745,0.06830865608232718,-0.11916259998141912,C,Nerlens Noel
mudiaem01,-0.23194962907782068,-0.13508995259046158,-0.06880581412287161,-0.05215607552441144,-0.14564122470935434,0.04013658824017916,0.023976682655566347,0.002823783999067049,0.05458826711887534,-0.07777434856608816,PG,Emmanuel Mudiay
dunnkr01,-0.0317045215611346,0.295450069622534,0.2179691670323417,-0.3120713974741413,0.38481359899186246,-0.09647283170930586,-0.06889191759837643,-0.050862548181266884,-0.03566410068693891,-0.023703198366579015,PG,Kris Dunn
caulewi01,0.43716673432369696,-0.2852736434597676,0.16528060891679136,-0.1932926845039821,0.030924956580590225,0.06335670569434822,-0.22373787938748446,-0.05357868548489194,-0.028646967582815066,-0.15663450465885273,C,Willie Cauley-Stein
plumlma01,0.48728663815736517,-0.29722092837429015,-0.028928817085787702,-0.37332571281715293,-0.2345197654170527,0.003745373090057428,-0.16270428416394386,-0.07502313273487504,0.009787464375240244,-0.11545011014978245,C,Mason Plumlee
holliro01,0.05341265079149309,-0.13526548438177147,0.1391812346944052,-0.0336842801117288,-0.04619861919747995,-0.05880651497407657,-0.23668577816498007,0.08566627127965042,0.03197101128252983,0.027769308531870932,SF,Rondae Hollis-Jefferson
tuckepj01,0.11159571525517747,-0.030119433292037506,0.04992380451217433,0.09591586203455657,0.21138080826578587,-0.1618549783530639,-0.004091446396165531,-0.09199806833051713,-0.04325335247161942,0.1617542248985062,SG,P.J. Tucker
wrighde01,-0.062037284727309946,0.07377972224734733,0.05884131150120292,-0.12284102057119269,0.13863884932124412,-0.0570346419571259,-0.022044156279533433,0.08524943274727162,-0.08402428009403173,0.023311442103010078,PG,Delon Wright
wanambr01,-0.3348113253833752,0.028288854664201633,-0.13731918391052458,0.02763376700114186,0.16598522486682535,0.007007927109982269,-0.08920208713553227,0.06493727988176243,0.017369715375951042,-0.027496622322830983,PG,Brad Wanamaker
greenja01,-0.031084992780760934,-0.21079832594198464,0.09599240097085127,0.1688970613887589,-0.06131260886742946,-0.10971568634032458,0.06267618611798774,-0.034471852912062895,-0.026426106747262115,-0.007070466133267156,PF,JaMychal Green
dotsoda01,-0.2958069914610386,-0.3097851030284721,0.10953381235146761,-0.1581362689476401,-0.09104318913964296,-0.021483476699740843,0.07056959027524454,-0.05120541445628307,-0.05413195775794541,-0.01834727933277227,SG,Damyean Dotson
korveky01,-0.3440431273871262,-0.22467504704288732,-0.12198686738353091,0.07139470407116129,0.004765040034111468,0.006914284224907321,0.02260235277180305,0.008452049135330835,0.019539860746571523,-0.0030833752160940703,SG-PF,Kyle Korver
bouchch01,0.11354786977016244,-0.40995015529423634,-0.054290727372364296,0.10119569662823216,0.06077583275449822,0.08820599246666809,-0.051249764786601384,0.009478358379347615,0.003571473833174398,0.142217926954462,PF,Chris Boucher
mellini01,-0.14390363693447375,-0.22645057391050266,0.012013280553672786,-0.06506086969004284,0.004669649296672803,0.008209985077089707,0.02359458421198433,-0.09328201667054872,-0.012195477644268428,0.05989199673992804,C,Nicolo Melli
ennisja01,-0.13253787338986608,-0.25951942432358244,-0.05770518244902185,0.04208651479805532,0.009184670235356782,-0.047431001690567236,-0.04533947245115414,-0.005761174919051993,0.033829471229296006,0.0528996352202201,SF-SG,James Ennis III
ilyaser01,-0.09184174280304323,-0.29755010273350246,-0.0975792701350423,0.13701454182757125,0.015883227978224147,-0.09961413720354638,-0.012761599396935204,-0.009807886876532678,-0.04534530221569398,-0.010594598220915774,PF,Ersan Ilyasova
mcgeeja01,0.5311017260252,-0.46139430384472374,-0.13744197735959218,-0.07995940121682246,0.09145906273121676,0.13756437078828243,0.2196486210353973,0.0986552185604245,-0.008631581867164062,-0.039244519923867474,C,JaVale McGee
mccontj01,-0.12339981940722132,0.1281441838954707,-0.21640727195937132,-0.15013419029896097,-0.02176046030583525,0.044766507588519286,-0.10739193617166148,0.08617742002469139,-0.09428413758871806,-0.06912811862660814,PG,T.J. McConnell
knoxke01,-0.3603268768170971,-0.24991237461593532,0.33862031080591987,0.03932410334444292,-0.21560460349173888,0.06625917852131451,0.03416128959967308,-0.012046301559036295,-0.01727676450564663,-0.06152603128701403,SF,Kevin Knox II
lylestr01,-0.023824511459846372,-0.2750956257523846,0.047651484516622135,0.11416966180100205,-0.0811471273113388,-0.09008943473343653,0.06651097482445878,-0.03553604135282383,-0.0869832140009643,-0.013432630202473346,PF,Trey Lyles
walkelo01,-0.3323908334088953,-0.2325499888211031,0.137916219559351,-0.012385356515127512,-0.0997140875257986,0.00876766942666058,0.056643677759532794,0.07907006321894332,-0.0011222026417548063,-0.08205080366113915,SG,Lonnie Walker IV
josepco01,-0.3084636379575763,0.04119382029768367,-0.03762385263472469,0.04474176715572111,-0.015007789491955066,0.05506096007337185,-0.08197147164982968,0.07602363652486147,-0.06531222990166295,0.025754108452349128,SG,Cory Joseph
onealro01,-0.05697231602970735,-0.03553946364593199,0.03564842832436351,0.04751396503792005,0.050691613017889804,-0.04138926818419972,0.0798735792112377,-0.1405149703157452,-0.14144286984483762,-0.06668477572277627,SF,Royce O'Neale
belinma01,-0.5293739509515175,-0.28722354774478875,0.005767928576469002,0.11429642371418515,-0.12613526031038036,-0.006008345926126807,-0.032125833918751893,0.043216256679413305,-0.05710218916900207,-0.06252375595257068,SG,Marco Belinelli
jacksfr01,-0.3726322752976135,-0.2921503178864976,0.03630941266839963,-0.03535674792784758,-0.1492235094552887,0.020562242038421746,-0.018026040289391317,0.005324343568622009,0.05154129593908505,0.011018444811968288,PG,Frank Jackson
naderab01,-0.22309343418889893,-0.31420791876084586,-0.07524082218461609,-0.034515752220481095,-0.011975703877865533,0.060955918037789665,0.04042191279286835,-0.008055131082066671,0.051692742544539025,-0.05427200652196348,SF,Abdel Nader
ntilila01,-0.3711628391456712,0.08153935289596802,0.036839093169078234,0.028382622055719533,0.05924243031625288,0.057961052629477865,-0.10586695623536664,0.04789818862157073,-0.007363565770329022,0.014069022849753181,PG,Frank Ntilikina
gibsota01,0.22111024575521093,-0.39921035777600644,-0.15871965994913045,-0.08165274781548588,-0.033681743617838815,-0.03740111537055451,-0.06837661658280542,0.13240370113670438,0.05839101620150976,-0.01005642649797497,PF,Taj Gibson
hernaju01,-0.12195819176343241,-0.32006160160776564,0.20136377711238046,-0.05955395137503374,-0.19277969988998,-0.07786969655842306,0.08380044512785237,-0.06593579526909313,-0.02402144312931716,0.02367379891891865,PF,Juancho Hernangomez
scottmi01,-0.2106654774499034,-0.337441088924341,-0.07046076284200775,0.0934853506570902,-0.04901003047874112,-0.1073582664931876,-0.019736673992090406,0.0008702527942097929,-0.03485718182035629,0.07293721768186288,PF,Mike Scott
niangge01,-0.39992822597228284,-0.3072703287680557,-0.0738293879262215,0.07440763123804595,-0.038014692914684685,-0.012943920207770352,0.006220785884499782,0.04002774558842956,0.0064475865641582504,-0.07202900044164012,PF,Georges Niang
willima02,-0.15344530661268949,-0.2498583293608529,-0.15508144945823962,0.046079695905081826,0.15578180733521008,0.009393866868218992,-0.011478605333540929,-0.09521581305486401,-0.015016046467188954,0.04530437628173058,SF,Marvin Williams
anderky01,0.0518262907264989,-0.11921501973996704,0.11084964673207491,-0.13007903273579935,-0.03163130873613724,0.031124495294320282,0.0013199719510016581,-0.032382322515365124,-0.06106187502597907,-0.04012596758343851,SF,Kyle Anderson
iwundwe01,-0.2997579543039761,-0.2443790926166666,0.0162995190075046,0.04645416716621054,-0.0012416323112148452,0.006659373979875005,-0.03841388836720078,-0.001342186425857877,-0.03201441533257016,-0.002450088979175885,SF,Wes Iwundu
harklma01,0.1516423488542964,-0.258863596138061,0.10503954080459084,-0.2867320417930634,0.044223367712860014,-0.03603462628510826,0.12462920995242684,-0.06976687648216495,0.005615164843742755,-0.010043388678256713,SF,Maurice Harkless
poeltja01,0.6600564440842983,-0.42372837872531055,0.15173002293587967,-0.34883230635225926,-0.14873003765918363,0.17945011013152848,-0.14940631390178494,-0.04055472688860538,-0.04527714605703453,-0.10331196812953124,C,Jakob Poeltl
bazleda01,-0.23002361984262584,-0.2580822778638793,0.26543662066885015,0.13431099797419752,-0.13738390105636644,0.09308076311476131,0.05156780198740337,-0.030699397198864723,-0.03544539312787364,-0.10193422369369937,PF,Darius Bazley
jonesda03,0.4217956502353351,-0.5179008304820738,-0.40798367792846996,-0.276801895691642,0.1560448650817557,-0.0025734749343462883,-0.06983141468737503,-0.013106974880725732,0.033768854288214994,-0.07489266383321413,C,Damian Jones
jacksju01,-0.3520558661620333,-0.3705597074913681,-0.08997756588905,0.09381283683288645,-0.04253485027971954,-0.014188088453002233,-0.08320293175364109,-0.09245607433639469,-0.0522017143816159,0.04900666018227035,SF,Justin Jackson
hillso01,-0.30832163429948045,-0.10581503077735802,0.1547930480715444,-0.014534961328129804,-0.053511932019048414,-0.012052458064152366,0.016365195449134194,0.024458852474595786,-0.01672046410711486,-0.015006646694926922,SF,Solomon Hill
carusal01,-0.24890422245411753,-0.06370027405953906,0.1464311895676606,-0.17518717125705432,0.1345618358185209,0.0057535324628473225,-0.0033257564942030244,-0.026647462914755782,-0.014121574844135351,0.0065689657899906185,PG,Alex Caruso
craigto01,0.05445942855268152,-0.4486750770833628,0.06883432409219845,-0.17629956728444324,-0.08696577977530055,0.03541279742889924,0.06919590950360119,-0.06832000223206625,-0.04303235913751727,0.09038961906264008,SF,Torrey Craig
lopezro01,0.08973570399533624,-0.47553126256392186,0.06628076963240216,-0.2708421506264949,-0.23383825913076195,0.13519985168270862,0.1557285692897424,-0.0792609483128841,0.05765335038588819,0.012968406722212923,C,Robin Lopez
connapa01,-0.0028128744276647933,-0.2711925813781181,-0.134728925904799,0.006635787081902534,-0.015133459878534044,-0.007072786698426453,0.014919267260448682,-0.11860467060523093,-0.04495682608243223,0.07894784413026724,SG,Pat Connaughton
bambamo01,0.15821167258546254,-0.36844996566234084,0.16704177339900542,0.10746322780660732,-0.053014680588090675,0.21846363456983772,0.03490649295102867,0.029153805543923675,-0.025538448546245433,0.05009742344829906,C,Mo Bamba
brownst02,-0.3570104181198873,-0.14581104868683198,0.14451930274861155,0.11892278553874097,-0.043671576193662694,-0.07894560484835368,-0.047910821645896565,-0.015327706791097686,0.009184269051422037,-0.005088543251267119,SG,Sterling Brown
netora01,-0.3357502717101235,-0.21531978236571517,-0.18107969698197748,-0.058205739291121016,-0.02704149714516815,0.0287002762201754,0.0013354958658255052,0.022749952364178868,0.02857758014805679,-0.003255837703555652,PG,Raul Neto
robinje01,-0.41307311437644384,-0.20606826833910513,0.22618665136774724,0.01259070269348776,-0.19068312705707907,0.0784304416162096,0.0019153096497561291,-0.005776473533074578,-0.008300487341863835,-0.06135586115548782,SG,Jerome Robinson
bongais01,-0.013906356005339505,-0.22493129489954702,-0.15533807769756677,-0.059550171397364515,0.11040005273062069,-0.06520416198442369,-0.02702278671934241,0.03692658800535687,0.04721072351508988,0.042586697944908165,SF,Isaac Bonga
cartevi01,-0.3937968579570344,-0.26486679592062223,0.09401364466438773,0.0849547807017214,-0.04890779804992188,0.06409615633228033,-0.04638773994279299,-0.09789999045063671,0.003662962474375033,0.05400256258978313,SG,Vince Carter
martico01,-0.051737901735960996,-0.16919393509832995,0.12052160378734343,-0.23344225182598502,-0.051429721131415716,-0.060600095534112136,-0.027125252731437396,-0.10576438072260345,-0.022808933179815447,0.05497806708150973,SF,Cody Martin
pattepa01,-0.34254788360393956,-0.3780737555896833,-0.08265133385361885,0.10966465287991095,-0.11644882288984451,-0.03973772897556475,0.00635580177939862,-0.00854406456746564,-0.02264235007140735,0.04733905054930684,PF,Patrick Patterson
carteje01,-0.4668428850569491,-0.08382386454240982,0.16286117545077972,0.1312814133616049,0.0658751104965631,0.04085185293412982,-0.053175009581606064,0.22868423235197216,-0.004775024933707071,-0.10337085097852473,PG,Jevon Carter
bradlto01,0.339624145385755,-0.5689004322888119,-0.32987075010931016,-0.09566894545922473,0.026548002866251925,-0.0493820310549177,0.6101161657125095,0.39427056742211186,-0.05023471529796879,0.037393497718855015,C,Tony Bradley
hezonma01,-0.26605748794425804,-0.15463375678947083,0.0750786770892889,0.07733101759339452,0.03642001098093095,-0.0669923147078205,-0.06559252781062673,0.002907217499472587,0.02486857815714802,-0.05622738295392917,SF,Mario Hezonja
thybuma01,-0.12644578358657188,-0.09806675821627688,0.3996009651032972,-0.28791095297250996,0.17990166446822997,0.09990563274485433,0.05059507555572675,0.0746541132974965,0.03811239679203134,0.010845877379952053,SG,Matisse Thybulle
makerth01,0.019295895828633513,-0.3908882037489833,0.003942233065227014,-0.12556781663501043,-0.06006870105921144,0.09612261662529066,0.06856890384982774,-0.03314428266476766,0.036561984487611186,0.030028250645988498,PF,Thon Maker
arcidry01,-0.31060464827738116,-0.24085224730245222,0.051256874986943,-0.11527983600089733,-0.08490405780685012,-0.010381655829535463,0.06559432459477342,-0.022573037960748825,-0.048149874447134554,0.02113989099052956,PG,Ryan Arcidiacono
grahatr01,-0.29199879080086305,-0.326606963798268,0.2693658459700416,-0.062267600803889545,-0.20869589775046873,-0.04678322158524199,-0.028948279598077723,-0.022487455133893566,-0.008517355733073082,0.07877992151012508,SG,Treveon Graham
fernabr01,0.14239625264452044,-0.4461794076649426,0.03918668367905679,-0.2769276560574328,-0.2300599368330833,-0.0343595032816956,-0.07048227934838978,-0.07542991679195457,0.040641288575674867,-0.023589913528465203,C,Bruno Fernando
okoboel01,-0.4231725616659118,-0.1878737346944602,0.16518087499756076,-0.04990506590107815,-0.21085035196392524,0.04535436583504114,-0.0005490218701575738,0.08107270410487533,-0.04602297896286421,-0.05994605360868257,PG,Elie Okobo
fergute01,-0.3155667115118667,-0.3063845426524748,0.03224393920668132,-0.09461885170780311,-0.0050946833369849434,0.03882100464677066,-0.0249157875864612,-0.1574494657311415,0.023473234847734704,0.17510829113157358,SG,Terrance Ferguson
tollian01,-0.3771858132915157,-0.28561385988259647,0.19373075934365444,0.08151938354892854,-0.1821113652052647,-0.004690376488796196,-0.00019666521169594295,-0.015948266407232237,-0.01056551115782767,0.02486459378363797,SF,Anthony Tolliver
willigr01,-0.09131933767107558,-0.35168763089361094,-0.016044253550626282,-0.08981157592995992,-0.04947572352295067,0.045420318601754515,-0.04699018303146852,-0.1366189625455068,0.01895761615604117,0.15503172353173314,PF,Grant Williams
ojelese01,-0.40238335162803157,-0.3376854532950319,-0.10969138241047366,0.11821545156118844,0.01876407739186536,-0.041988064643813335,-0.039616497143590376,-0.008604212872905451,-0.007870951299775353,0.03206155702820504,PF,Semi Ojeleye
mcgruro01,-0.13313961743152095,-0.40534665678115034,0.19883577455900378,-0.26967772800753165,-0.14369979304461408,-0.0781323903707751,0.07422680243321841,-0.1857794400464518,-0.03338464045636752,0.06056972747532099,SG,Rodney McGruder
bitadgo01,-0.06530442860908502,-0.48350165437925485,-0.1059688446995893,-0.10179285626910578,-0.04940623060878311,0.12880360325363793,-0.07811031775317932,-0.16832328124923973,0.02965795757702053,0.02555098383819093,C,Goga Bitadze
dellama01,-0.4820897155978962,-0.05171257255091199,-0.07061894336522628,0.02327198592852484,-0.13314455927455898,0.037306222520767596,-0.1788367647134935,-0.04886324754785274,-0.033098952763020245,0.10081032617454855,SG,Matthew Dellavedova
