Player,FieldsGoalMade,FieldsGoalAttempted,FiedlGoals_pc,3PointMade,3PointsA,3Point_pc,FreeTrhowsM,FreeThrowsA,FreeThrow_pc,OffREBounds,DefensREBounds,REBounds,AST,SteaLs,Blocks,Turnovers
James Harden,9.90,22.30,44.40,4.40,12.40,35.50,10.20,11.80,86.50,1.00,5.50,6.60,7.50,1.80,0.90,4.50
Bradley Beal,10.40,22.90,45.50,3.00,8.40,35.30,6.80,8.00,84.20,0.90,3.30,4.20,6.10,1.20,0.40,3.40
Damian Lillard,9.50,20.40,46.30,4.10,10.20,40.10,7.00,7.80,88.80,0.50,3.80,4.30,8.00,1.10,0.30,2.90
Trae Young,9.10,20.80,43.70,3.40,9.50,36.10,8.00,9.30,86.00,0.50,3.70,4.30,9.30,1.10,0.10,4.80
Giannis Antetokounmpo,10.90,19.70,55.30,1.40,4.70,30.40,6.30,10.00,63.30,2.20,11.40,13.60,5.60,1.00,1.00,3.70
Luka Doncic,9.50,20.60,46.30,2.80,8.90,31.60,7.00,9.20,75.80,1.30,8.10,9.40,8.80,1.00,0.20,4.30
Russell Westbrook,10.60,22.50,47.20,1.00,3.70,25.80,5.10,6.70,76.30,1.80,6.20,7.90,7.00,1.60,0.40,4.50
Kawhi Leonard,9.30,19.90,47.00,2.20,5.70,37.80,6.20,7.10,88.60,0.90,6.10,7.10,4.90,1.80,0.60,2.60
Devin Booker,9.00,18.30,48.90,2.00,5.70,35.40,6.70,7.30,91.90,0.40,3.80,4.20,6.50,0.70,0.30,3.80
Anthony Davis,8.90,17.70,50.30,1.20,3.50,33.00,7.20,8.50,84.60,2.30,7.00,9.30,3.20,1.50,2.30,2.50
Zach LaVine,9.00,20.00,45.00,3.10,8.10,38.00,4.50,5.60,80.20,0.70,4.10,4.80,4.20,1.50,0.50,3.40
LeBron James,9.60,19.40,49.30,2.20,6.30,34.80,3.90,5.70,69.30,1.00,6.90,7.80,10.20,1.20,0.50,3.90
Donovan Mitchell,8.70,19.40,44.90,2.50,6.90,36.60,4.00,4.70,86.30,0.80,3.60,4.40,4.30,1.00,0.20,2.70
Brandon Ingram,8.20,17.70,46.30,2.40,6.20,39.10,5.00,5.90,85.10,0.80,5.30,6.10,4.20,1.00,0.60,3.00
Jayson Tatum,8.40,18.60,45.00,2.90,7.10,40.30,3.80,4.70,81.20,1.00,6.00,7.00,3.00,1.40,0.90,2.30
D'Angelo Russell,8.00,18.80,42.60,3.50,9.60,36.70,3.60,4.40,80.90,0.40,3.60,3.90,6.30,1.10,0.30,3.30
Pascal Siakam,8.30,18.40,45.30,2.20,6.10,35.90,4.00,5.10,79.20,1.10,6.30,7.30,3.50,1.00,0.90,2.50
CJ McCollum,8.70,19.40,45.10,2.80,7.30,37.90,2.00,2.60,75.70,0.70,3.60,4.20,4.40,0.80,0.60,1.80
DeMar DeRozan,8.20,15.40,53.10,0.10,0.50,25.70,5.60,6.60,84.50,0.60,4.90,5.50,5.60,1.00,0.30,2.40
Andrew Wiggins,8.10,18.10,44.70,2.10,6.20,33.20,3.50,5.00,70.90,1.20,3.90,5.10,3.70,0.80,1.00,2.40
De'Aaron Fox,7.70,16.00,48.00,1.10,3.60,29.20,4.70,6.70,70.50,0.70,3.20,3.80,6.80,1.50,0.50,3.10
Khris Middleton,7.60,15.30,49.70,2.40,5.70,41.50,3.40,3.70,91.60,0.70,5.50,6.20,4.30,0.90,0.10,2.20
Collin Sexton,7.90,16.70,47.20,1.50,3.90,38.00,3.50,4.10,84.60,0.90,2.20,3.10,3.00,1.00,0.10,2.40
Spencer Dinwiddie,6.60,16.00,41.50,1.90,6.30,30.80,5.40,7.00,77.80,0.50,3.00,3.50,6.80,0.60,0.30,2.70
Kemba Walker,6.80,15.90,42.50,3.20,8.40,38.10,3.70,4.30,86.40,0.60,3.20,3.90,4.80,0.90,0.50,2.10
Kristaps Porzingis,7.00,16.40,42.70,2.50,7.10,35.20,4.00,5.00,79.90,1.80,7.70,9.50,1.80,0.70,2.00,1.60
Jaylen Brown,7.50,15.60,48.10,2.30,5.90,38.20,3.10,4.30,72.40,1.10,5.30,6.40,2.10,1.10,0.40,2.20
Bojan Bogdanovic,6.60,14.80,44.70,3.00,7.30,41.40,4.00,4.40,90.30,0.60,3.50,4.10,2.10,0.50,0.10,2.50
Jimmy Butler,5.90,13.10,45.50,0.50,2.10,24.40,7.60,9.10,83.40,1.80,4.80,6.70,6.00,1.80,0.60,2.20
Nikola Jokic,7.70,14.70,52.80,1.10,3.50,31.40,3.40,4.10,81.70,2.30,7.50,9.70,7.00,1.20,0.60,3.10
T.J. Warren,8.00,14.90,53.60,1.40,3.40,40.30,2.50,3.00,81.90,1.00,3.20,4.20,1.50,1.20,0.50,1.30
Tobias Harris,7.70,16.30,47.10,1.80,5.00,36.70,2.40,3.00,80.60,1.00,5.90,6.90,3.20,0.70,0.60,1.40
Nikola Vucevic,8.00,16.70,47.70,1.60,4.70,33.90,2.10,2.70,78.40,2.30,8.60,10.90,3.60,0.90,0.80,1.40
Julius Randle,7.20,15.70,46.00,1.00,3.60,27.70,4.00,5.50,73.30,2.40,7.40,9.70,3.10,0.80,0.30,3.00
Kyle Lowry,5.80,13.80,41.60,2.80,8.00,35.20,5.10,5.90,85.70,0.60,4.50,5.00,7.50,1.40,0.40,3.10
Buddy Hield,6.90,16.10,42.90,3.80,9.60,39.40,1.60,1.90,84.60,0.80,3.80,4.60,3.00,0.90,0.20,2.30
Jrue Holiday,7.50,16.50,45.50,2.00,5.70,35.30,2.10,3.00,70.90,1.30,3.50,4.80,6.70,1.60,0.80,3.00
Shai Gilgeous-Alexander,6.80,14.50,47.10,1.20,3.60,34.70,4.10,5.10,80.70,0.70,5.20,5.90,3.30,1.10,0.70,1.90
Dennis Schroder,7.00,14.80,46.90,1.90,5.00,38.50,3.00,3.60,83.90,0.30,3.30,3.60,4.00,0.70,0.20,2.60
LaMarcus Aldridge,7.40,15.00,49.30,1.20,3.00,38.90,3.00,3.60,82.70,1.90,5.50,7.40,2.40,0.70,1.60,1.40
Danilo Gallinari,5.80,13.20,43.80,2.90,7.10,40.50,4.30,4.80,89.30,0.50,4.60,5.20,1.90,0.70,0.10,1.20
Kelly Oubre Jr.,6.70,14.80,45.20,1.90,5.50,35.20,3.40,4.40,78.00,1.20,5.30,6.40,1.50,1.30,0.70,1.50
Montrezl Harrell,7.50,12.90,58.00,0.00,0.30,0.00,3.70,5.60,65.80,2.60,4.50,7.10,1.70,0.60,1.10,1.70
Domantas Sabonis,7.40,13.70,54.00,0.30,1.10,25.40,3.50,4.80,72.30,3.00,9.40,12.40,5.00,0.80,0.50,2.70
Evan Fournier,6.60,14.10,46.70,2.60,6.60,39.90,2.70,3.30,81.80,0.30,2.30,2.60,3.20,1.10,0.20,1.90
Jamal Murray,6.90,15.20,45.60,1.90,5.50,34.60,2.80,3.10,88.10,0.80,3.20,4.00,4.80,1.10,0.30,2.20
Lou Williams,6.00,14.40,41.80,1.70,4.80,35.20,4.50,5.20,86.10,0.50,2.60,3.10,5.60,0.70,0.20,2.80
Devonte' Graham,5.80,15.30,38.20,3.50,9.30,37.30,3.00,3.70,82.00,0.70,2.70,3.40,7.50,1.00,0.20,2.90
Derrick Rose,7.40,15.10,49.00,0.90,2.90,30.60,2.40,2.80,87.10,0.50,1.90,2.40,5.60,0.80,0.30,2.50
Terry Rozier,6.30,14.90,42.30,2.70,6.70,40.70,2.60,3.00,87.40,0.80,3.60,4.40,4.10,1.00,0.20,2.20
Ja Morant,6.70,14.00,47.70,0.90,2.70,33.50,3.60,4.60,77.60,0.80,3.10,3.90,7.30,0.90,0.30,3.30
Andre Drummond,7.30,13.80,53.30,0.10,0.60,14.30,3.00,5.20,57.50,4.40,10.80,15.20,2.70,1.90,1.60,3.60
Fred VanVleet,5.90,14.30,41.30,2.70,6.90,39.00,3.10,3.70,84.80,0.30,3.40,3.80,6.60,1.90,0.30,2.20
Kevin Love,5.80,13.00,45.00,2.60,7.00,37.40,3.30,3.90,85.40,1.00,8.80,9.80,3.20,0.60,0.30,2.50
Chris Paul,6.20,12.70,48.90,1.60,4.30,36.50,3.60,4.00,90.70,0.40,4.60,5.00,6.70,1.60,0.20,2.30
Gordon Hayward,6.70,13.50,50.00,1.60,4.30,38.30,2.40,2.80,85.50,1.10,5.60,6.70,4.10,0.70,0.40,1.80
Jaren Jackson Jr.,6.20,13.20,46.90,2.50,6.50,39.40,2.40,3.30,74.70,1.00,3.60,4.60,1.40,0.70,1.60,1.70
Marcus Morris Sr.,5.70,13.10,43.80,2.30,5.60,40.80,2.90,3.50,82.30,1.00,4.10,5.00,1.40,0.80,0.50,1.60
Malcolm Brogdon,6.00,13.80,43.80,1.40,4.30,32.60,3.10,3.40,89.20,0.90,4.00,4.90,7.10,0.60,0.20,2.40
Ben Simmons,6.60,11.40,58.00,0.00,0.10,28.60,3.20,5.20,62.10,2.00,5.80,7.80,8.00,2.10,0.60,3.50
Dillon Brooks,6.00,14.60,40.70,2.00,5.60,35.80,2.20,2.80,80.80,0.90,2.40,3.30,2.10,0.90,0.40,1.70
Goran Dragic,5.40,12.30,44.10,2.10,5.70,36.70,3.20,4.20,77.60,0.50,2.70,3.20,5.10,0.70,0.20,2.40
Norman Powell,5.70,11.50,49.50,2.10,5.30,39.90,2.50,2.90,84.30,0.50,3.20,3.70,1.80,1.20,0.40,1.50
Bam Adebayo,6.10,11.00,55.70,0.00,0.20,14.30,3.70,5.30,69.10,2.40,7.80,10.20,5.10,1.10,1.30,2.80
Tim Hardaway Jr.,5.40,12.50,43.40,2.90,7.20,39.80,2.10,2.60,81.90,0.40,2.90,3.30,1.90,0.60,0.10,1.00
Hassan Whiteside,6.50,10.50,62.10,0.10,0.10,57.10,2.40,3.60,68.60,3.90,9.70,13.50,1.20,0.40,2.90,1.80
Davis Bertans,4.90,11.30,43.40,3.70,8.70,42.40,1.90,2.30,85.20,0.60,3.90,4.50,1.70,0.70,0.60,1.10
Carmelo Anthony,5.80,13.50,43.00,1.50,3.90,38.50,2.30,2.80,84.50,1.20,5.10,6.30,1.50,0.80,0.50,1.70
Serge Ibaka,6.20,12.20,51.20,1.30,3.30,38.50,1.60,2.30,71.80,2.10,6.10,8.20,1.40,0.50,0.80,2.00
Kendrick Nunn,6.00,13.60,43.90,2.00,5.80,35.00,1.30,1.50,85.00,0.30,2.40,2.70,3.30,0.80,0.20,1.70
JJ Redick,4.80,10.50,45.30,3.00,6.60,45.30,2.80,3.10,89.20,0.20,2.40,2.50,2.00,0.30,0.20,1.30
Jordan Clarkson,5.50,12.20,45.40,2.10,5.80,36.80,1.90,2.30,83.60,0.70,1.90,2.60,1.90,0.60,0.20,1.40
Bogdan Bogdanovic,5.50,12.60,44.00,2.70,7.20,37.20,1.40,1.90,74.10,0.40,3.00,3.40,3.40,1.00,0.20,1.70
Rudy Gobert,5.70,8.20,69.30,0.00,0.00,0.00,3.70,5.90,63.00,3.40,10.10,13.50,1.50,0.80,2.00,1.90
Will Barton,5.70,12.70,45.00,1.90,5.00,37.50,1.80,2.30,76.70,1.30,5.00,6.30,3.70,1.10,0.50,1.50
Alec Burks,4.90,11.60,41.80,1.80,4.60,38.50,3.60,4.00,88.70,0.70,3.50,4.30,2.90,0.90,0.30,1.40
Eric Bledsoe,5.50,11.50,47.50,1.20,3.50,34.40,2.80,3.50,79.00,0.70,3.90,4.60,5.40,0.90,0.40,2.40
Jonas Valanciunas,6.20,10.60,58.50,0.50,1.30,35.20,2.10,2.90,74.00,3.00,8.20,11.30,1.90,0.40,1.10,1.80
Lauri Markkanen,5.00,11.80,42.50,2.20,6.30,34.40,2.50,3.10,82.40,1.20,5.10,6.30,1.50,0.80,0.50,1.60
Terrence Ross,4.90,12.30,40.30,2.60,7.30,35.10,2.30,2.70,85.30,0.20,3.00,3.20,1.20,1.10,0.30,1.00
Harrison Barnes,5.10,11.00,46.00,1.40,3.70,38.10,3.00,3.70,80.10,1.10,3.90,4.90,2.20,0.60,0.20,1.20
Joe Harris,5.50,11.40,48.60,2.50,5.90,42.40,0.90,1.30,71.90,0.90,3.40,4.30,2.10,0.60,0.20,1.50
Aaron Gordon,5.40,12.40,43.70,1.20,3.80,30.80,2.40,3.60,67.40,1.70,5.90,7.70,3.70,0.80,0.60,1.60
RJ Barrett,5.20,13.00,40.20,1.10,3.50,32.00,2.80,4.50,61.40,0.90,4.10,5.00,2.60,1.00,0.30,2.20
Eric Paschall,5.30,10.70,49.70,0.60,2.20,28.70,2.70,3.50,77.40,1.40,3.20,4.60,2.10,0.50,0.20,1.60
Josh Richardson,5.10,11.70,43.00,1.50,4.50,34.10,2.10,2.60,80.90,0.70,2.40,3.20,2.90,0.90,0.70,1.90
Tyler Herro,4.90,11.50,42.80,2.10,5.40,38.90,1.60,1.80,87.00,0.30,3.80,4.10,2.20,0.60,0.20,1.60
Duncan Robinson,4.40,9.40,47.00,3.70,8.30,44.60,0.90,1.00,93.10,0.10,3.00,3.20,1.40,0.50,0.30,1.00
Coby White,4.80,12.20,39.40,2.00,5.80,35.40,1.60,2.00,79.10,0.40,3.10,3.50,2.70,0.80,0.10,1.70
Christian Wood,4.60,8.20,56.70,0.90,2.30,38.60,2.90,3.90,74.40,1.70,4.60,6.30,1.00,0.50,0.90,1.40
Ricky Rubio,4.40,10.60,41.50,1.20,3.30,36.10,3.00,3.50,86.30,0.70,4.00,4.70,8.80,1.40,0.20,2.70
Miles Bridges,4.90,11.60,42.40,1.50,4.60,33.00,1.60,2.00,80.90,1.40,4.20,5.60,1.80,0.60,0.70,1.50
Marcus Smart,4.30,11.40,37.50,2.30,6.60,34.70,2.10,2.50,83.60,0.70,3.10,3.80,4.90,1.70,0.50,1.70
Kyle Kuzma,4.80,11.00,43.60,1.40,4.50,31.60,1.90,2.50,73.50,0.90,3.60,4.50,1.30,0.50,0.40,1.50
Damion Lee,4.30,10.40,41.70,1.70,4.90,35.60,2.20,2.60,87.30,0.70,4.20,4.90,2.70,1.00,0.10,1.40
Robert Covington,4.40,10.30,42.20,2.30,6.90,33.50,1.40,1.80,79.80,0.90,5.70,6.60,1.30,1.60,1.30,1.50
Seth Curry,4.40,9.00,49.50,2.30,5.00,45.20,1.30,1.50,82.50,0.40,1.80,2.30,1.90,0.60,0.10,1.00
De'Andre Hunter,4.40,10.80,41.00,1.70,4.80,35.50,1.70,2.30,76.40,0.70,3.80,4.50,1.80,0.70,0.30,1.60
Darius Garland,4.70,11.80,40.10,1.80,5.00,35.50,1.10,1.20,87.50,0.50,1.40,1.90,3.90,0.70,0.10,2.60
P.J. Washington,4.60,10.20,45.50,1.50,4.00,37.40,1.50,2.30,64.70,1.00,4.40,5.40,2.10,0.90,0.80,1.60
Kevin Huerter,4.50,10.90,41.30,2.30,6.00,38.00,0.90,1.10,82.80,0.60,3.40,4.10,3.80,0.90,0.50,1.60
Markelle Fultz,5.00,10.70,46.50,0.50,1.90,26.70,1.60,2.20,73.00,0.60,2.70,3.30,5.10,1.30,0.20,2.00
Myles Turner,4.30,9.50,45.70,1.40,4.00,34.40,2.00,2.70,75.10,1.40,5.20,6.60,1.20,0.70,2.10,1.40
Taurean Prince,4.30,11.50,37.60,2.30,6.70,33.90,1.10,1.40,79.80,0.80,5.20,6.00,1.80,0.90,0.40,2.00
Brandon Clarke,5.10,8.30,61.80,0.40,1.10,35.90,1.50,1.90,75.90,1.60,4.40,5.90,1.40,0.60,0.80,0.90
Tristan Thompson,5.10,9.90,51.20,0.20,0.40,39.10,1.70,2.80,61.50,4.00,6.20,10.10,2.10,0.60,0.90,1.80
Jerami Grant,4.30,8.90,47.80,1.40,3.50,38.90,2.10,2.80,75.00,0.80,2.70,3.50,1.20,0.70,0.80,0.90
Brook Lopez,4.30,9.90,43.50,1.50,4.80,31.40,1.90,2.20,83.60,0.90,3.70,4.60,1.50,0.70,2.40,1.00
Al Horford,4.80,10.60,45.00,1.50,4.20,35.00,0.90,1.20,76.30,1.50,5.30,6.80,4.00,0.80,0.90,1.20
Lonzo Ball,4.40,10.90,40.30,2.30,6.30,37.50,0.70,1.20,56.60,1.10,5.00,6.10,7.00,1.40,0.60,3.10
Glenn Robinson III,4.60,9.50,48.60,1.20,3.20,39.10,1.20,1.40,86.00,1.30,3.00,4.40,1.50,0.90,0.30,0.90
Patty Mills,3.90,9.10,43.10,2.30,6.10,38.20,1.50,1.70,86.60,0.30,1.30,1.60,1.80,0.80,0.10,0.80
Nemanja Bjelica,4.40,9.10,48.10,1.90,4.40,41.90,1.00,1.20,82.10,1.50,4.80,6.40,2.80,0.90,0.60,1.40
Derrick White,3.70,8.10,45.80,1.20,3.20,36.60,2.60,3.10,85.30,0.50,2.80,3.30,3.50,0.60,0.90,1.30
Bryn Forbes,3.80,9.20,41.70,2.30,6.00,38.80,1.20,1.40,83.30,0.20,1.80,2.00,1.70,0.50,0.00,0.90
Malik Beasley,4.10,9.70,42.50,1.90,5.00,38.80,1.00,1.20,81.80,0.30,2.40,2.70,1.40,0.70,0.10,1.00
Jarrett Allen,4.30,6.60,64.90,0.00,0.10,0.00,2.40,3.90,63.30,3.10,6.50,9.60,1.60,0.60,1.30,1.10
Cody Zeller,4.30,8.30,52.40,0.30,1.30,24.00,2.10,3.10,68.20,2.80,4.30,7.10,1.50,0.70,0.40,1.30
Cedi Osman,4.10,9.40,43.70,1.90,4.90,38.30,1.00,1.40,67.00,0.60,3.00,3.60,2.40,0.80,0.20,1.40
Dejounte Murray,4.50,9.70,46.20,0.60,1.70,36.90,1.40,1.70,79.80,1.00,4.80,5.80,4.10,1.70,0.30,1.90
Ish Smith,4.50,10.10,44.70,0.90,2.50,36.70,0.90,1.30,72.10,0.40,2.80,3.20,4.90,0.90,0.40,1.40
Jeff Teague,3.60,8.30,43.60,0.70,2.00,36.80,2.90,3.30,87.30,0.50,1.90,2.40,5.20,0.70,0.30,2.00
Steven Adams,4.50,7.60,59.20,0.00,0.00,33.30,1.90,3.20,58.20,3.30,6.00,9.30,2.30,0.80,1.10,1.50
Rudy Gay,4.00,8.90,44.60,1.10,3.30,33.60,1.80,2.00,88.20,0.90,4.50,5.40,1.70,0.50,0.50,1.30
Dario Saric,3.90,8.20,47.60,1.30,3.60,35.70,1.60,1.90,84.40,1.50,4.60,6.20,1.90,0.60,0.20,1.30
OG Anunoby,4.10,8.20,50.50,1.30,3.30,39.00,1.00,1.50,70.60,1.20,4.10,5.30,1.60,1.40,0.70,1.10
Jae Crowder,3.50,8.70,40.10,2.10,6.10,34.30,1.50,1.90,77.60,0.80,5.10,5.90,2.50,1.10,0.40,1.10
Cam Reddish,3.70,9.60,38.40,1.40,4.30,33.20,1.70,2.20,80.20,0.60,3.10,3.70,1.50,1.10,0.50,1.70
D.J. Augustin,3.20,8.10,39.90,1.20,3.50,34.80,2.80,3.20,89.00,0.40,1.80,2.10,4.60,0.60,0.00,1.50
Danuel House Jr.,3.70,8.60,42.70,2.00,5.60,36.30,1.20,1.40,81.10,0.90,3.30,4.20,1.30,1.10,0.50,0.90
Troy Brown Jr.,4.00,9.00,43.90,0.90,2.60,34.10,1.60,2.00,78.40,1.10,4.40,5.60,2.60,1.20,0.10,1.10
Gary Harris,3.90,9.30,42.00,1.30,3.80,33.30,1.30,1.60,81.50,0.50,2.40,2.90,2.10,1.40,0.30,1.10
Garrett Temple,3.60,9.50,37.80,2.00,6.20,32.90,1.10,1.40,80.50,0.50,3.00,3.50,2.50,0.80,0.50,1.00
Shabazz Napier,3.40,8.10,41.20,1.40,4.30,31.70,2.30,2.70,82.40,0.50,2.40,2.80,4.70,1.20,0.20,2.30
Thaddeus Young,4.20,9.40,44.80,1.20,3.50,35.60,0.70,1.10,58.30,1.50,3.50,4.90,1.80,1.40,0.40,1.60
Doug McDermott,3.90,7.90,48.80,1.90,4.30,43.50,0.70,0.80,82.80,0.40,2.10,2.50,1.10,0.20,0.10,0.60
Langston Galloway,3.60,8.20,43.50,2.00,5.00,39.90,1.10,1.30,85.90,0.50,1.80,2.30,1.50,0.70,0.20,0.60
Malik Monk,3.90,8.90,43.40,1.10,3.70,28.40,1.50,1.80,82.00,0.50,2.40,2.90,2.10,0.50,0.30,1.40
Bobby Portis,4.00,8.90,45.00,1.00,2.80,35.80,1.10,1.40,76.30,1.20,3.90,5.10,1.50,0.50,0.30,1.10
Josh Hart,3.50,8.20,42.30,1.90,5.40,34.20,1.30,1.80,73.90,0.90,5.60,6.50,1.70,1.00,0.40,1.20
Larry Nance Jr.,4.10,7.70,53.10,1.00,2.80,35.20,0.90,1.30,67.60,1.90,5.40,7.30,2.20,1.00,0.40,1.10
Ben McLemore,3.40,7.70,44.40,2.50,6.40,40.00,0.70,0.90,74.60,0.30,1.90,2.20,0.80,0.60,0.20,0.70
Kevin Porter Jr.,3.70,8.40,44.20,1.10,3.20,33.50,1.50,2.00,72.30,0.40,2.80,3.20,2.20,0.90,0.30,1.90
Tomas Satoransky,3.60,8.50,43.00,1.00,3.10,32.20,1.60,1.90,87.60,1.20,2.70,3.90,5.40,1.20,0.10,2.00
Joe Ingles,3.40,7.70,44.50,2.00,4.90,39.90,1.00,1.30,78.70,0.40,3.50,3.90,5.20,0.90,0.20,2.00
Furkan Korkmaz,3.40,7.80,43.00,2.00,4.90,40.20,1.10,1.40,75.50,0.30,2.10,2.30,1.10,0.60,0.20,0.80
Mitchell Robinson,4.10,5.60,74.20,0.00,0.00,0.00,1.40,2.40,56.80,3.00,4.00,7.00,0.60,0.90,2.00,0.60
Markieff Morris,3.50,7.90,44.30,1.50,3.90,38.60,1.10,1.50,77.60,0.70,3.10,3.80,1.30,0.50,0.30,1.30
Dorian Finney-Smith,3.40,7.40,46.60,1.60,4.30,37.60,1.10,1.50,72.20,2.00,3.70,5.70,1.60,0.60,0.50,1.00
Aaron Holiday,3.50,8.50,41.40,1.30,3.30,39.40,1.10,1.30,85.10,0.30,2.00,2.40,3.40,0.80,0.20,1.30
George Hill,3.30,6.40,51.60,1.40,3.00,46.00,1.40,1.70,84.20,0.80,2.20,3.00,3.10,0.80,0.10,1.00
Kentavious Caldwell-Pope,3.40,7.30,46.70,1.30,3.50,38.50,1.10,1.50,77.50,0.60,1.50,2.10,1.60,0.80,0.20,0.90
Michael Porter Jr.,3.50,7.00,50.90,1.10,2.70,42.20,1.10,1.30,83.30,1.20,3.50,4.70,0.80,0.50,0.50,0.90
Marquese Chriss,3.60,6.50,54.50,0.10,0.70,20.50,2.00,2.60,76.90,1.90,4.30,6.20,1.90,0.70,1.10,1.30
Landry Shamet,3.00,7.40,40.40,2.10,5.60,37.50,1.20,1.40,85.50,0.10,1.80,1.90,1.90,0.40,0.20,0.80
Daniel Theis,3.70,6.60,56.60,0.50,1.50,33.30,1.30,1.80,76.30,2.20,4.40,6.60,1.70,0.60,1.30,0.80
Donte DiVincenzo,3.50,7.70,45.50,1.30,3.70,33.60,1.00,1.30,73.30,1.00,3.80,4.80,2.30,1.30,0.30,1.40
Jarrett Culver,3.70,9.00,40.40,1.00,3.50,29.90,0.90,1.90,46.20,1.10,2.30,3.40,1.70,0.90,0.60,1.30
Mikal Bridges,3.40,6.60,51.00,1.00,2.70,36.10,1.40,1.70,84.40,0.90,3.10,4.00,1.80,1.40,0.60,1.00
Maxi Kleber,3.20,6.90,46.10,1.60,4.30,37.30,1.10,1.30,84.90,1.50,3.70,5.20,1.20,0.30,1.10,0.80
Monte Morris,3.60,7.80,45.90,0.90,2.40,37.80,1.00,1.20,84.30,0.30,1.50,1.90,3.50,0.80,0.20,0.70
Derrick Favors,4.10,6.60,61.70,0.00,0.10,14.30,0.80,1.40,56.30,3.20,6.60,9.80,1.60,0.60,0.90,1.10
Svi Mykhailiuk,3.00,7.20,41.00,2.10,5.10,40.40,1.00,1.30,81.40,0.30,1.60,1.90,1.90,0.70,0.10,1.10
Bruce Brown,3.40,7.70,44.30,0.60,1.70,34.40,1.50,2.10,73.90,1.10,3.70,4.70,4.00,1.10,0.50,1.70
Gary Trent Jr.,3.20,7.20,44.40,1.80,4.40,41.80,0.60,0.70,82.20,0.40,1.20,1.60,1.00,0.80,0.30,0.30
Cameron Johnson,3.10,7.10,43.50,1.90,4.80,39.00,0.80,1.00,80.70,0.90,2.40,3.30,1.20,0.60,0.40,0.60
Jordan Poole,2.90,8.80,33.30,1.30,4.60,27.90,1.70,2.10,79.80,0.20,1.90,2.10,2.40,0.60,0.20,1.30
Kent Bazemore,2.90,7.90,37.50,1.20,3.60,34.40,1.70,2.20,76.90,0.40,3.90,4.30,1.40,1.10,0.60,1.30
Austin Rivers,3.10,7.40,42.10,1.40,4.00,35.60,1.10,1.60,70.30,0.40,2.20,2.60,1.70,0.70,0.10,0.70
Josh Okogie,2.70,6.40,42.70,0.70,2.50,26.60,2.50,3.10,79.60,1.40,2.90,4.30,1.60,1.10,0.40,1.40
Derrick Jones Jr.,3.10,5.90,52.70,0.60,2.20,28.00,1.60,2.10,77.20,1.10,2.80,3.90,1.10,1.00,0.60,0.50
E'Twaun Moore,3.30,7.80,42.60,1.10,3.00,37.70,0.60,0.80,68.90,0.60,1.80,2.30,1.40,0.60,0.20,0.70
DeAndre Jordan,3.40,5.10,66.60,0.00,0.00,0.00,1.50,2.20,68.00,2.50,7.50,10.00,1.90,0.30,0.90,1.30
Ivica Zubac,3.30,5.30,61.30,0.00,0.00,0.00,1.70,2.30,74.70,2.70,4.80,7.50,1.10,0.20,0.90,0.80
Anfernee Simons,3.10,7.70,39.90,1.10,3.20,33.20,1.10,1.30,82.60,0.40,1.80,2.20,1.40,0.40,0.10,0.90
Justin Holiday,2.80,6.70,42.80,1.80,4.50,40.50,0.70,0.90,79.10,0.40,2.80,3.30,1.30,1.20,0.60,0.60
Kelly Olynyk,2.70,5.90,46.20,1.40,3.50,40.60,1.30,1.50,86.00,0.70,3.90,4.60,1.70,0.70,0.30,1.10
Jalen Brunson,3.20,6.80,46.60,0.80,2.10,35.80,1.10,1.30,81.30,0.40,2.00,2.40,3.30,0.40,0.10,1.20
Enes Kanter,3.40,6.00,57.20,0.00,0.10,14.30,1.20,1.70,70.70,2.80,4.60,7.40,1.00,0.40,0.70,1.00
Danny Green,2.90,7.00,41.60,1.80,4.80,36.70,0.50,0.70,68.80,0.80,2.60,3.30,1.30,1.30,0.50,0.90
Tony Snell,2.90,6.50,44.50,1.70,4.30,40.20,0.50,0.50,100.00,0.20,1.70,1.90,2.20,0.50,0.30,0.50
Trevor Ariza,2.70,6.10,43.80,1.50,3.90,37.20,1.20,1.40,83.80,0.60,4.00,4.60,1.70,1.30,0.30,1.10
Alex Len,3.20,5.80,55.50,0.30,1.10,27.10,1.20,1.90,64.80,1.80,4.00,5.80,0.90,0.40,0.90,1.00
Patrick Beverley,2.90,6.70,43.10,1.60,4.00,38.80,0.60,0.90,66.00,1.10,4.10,5.20,3.60,1.10,0.50,1.30
De'Anthony Melton,2.70,6.70,40.10,0.70,2.30,28.60,1.60,2.00,76.90,0.70,3.00,3.70,2.90,1.30,0.30,1.40
Omari Spellman,2.60,6.00,43.10,0.90,2.20,39.10,1.50,1.90,79.30,1.60,2.90,4.50,1.00,0.70,0.50,1.10
Terence Davis,2.80,6.10,45.60,1.30,3.40,38.80,0.70,0.80,86.40,0.70,2.60,3.30,1.60,0.50,0.20,1.10
Dwight Howard,2.90,4.00,72.90,0.00,0.10,60.00,1.60,3.10,51.40,2.50,4.90,7.30,0.70,0.40,1.10,1.20
Tyus Jones,3.00,6.60,45.90,0.70,1.90,37.90,0.70,0.90,74.10,0.10,1.40,1.60,4.40,0.90,0.10,0.80
Bismack Biyombo,2.80,5.20,54.30,0.00,0.00,0.00,1.70,2.80,60.30,2.30,3.50,5.80,0.90,0.20,0.90,0.90
Jaxson Hayes,2.70,4.00,67.20,0.00,0.10,25.00,1.90,3.00,64.70,1.50,2.50,4.00,0.90,0.40,0.90,0.80
Wesley Matthews,2.50,6.30,39.60,1.60,4.40,36.40,0.80,1.00,76.50,0.30,2.10,2.50,1.40,0.60,0.10,0.60
Gorgui Dieng,2.60,5.80,45.60,0.90,2.40,35.50,1.20,1.60,77.20,1.40,4.20,5.60,1.20,0.80,0.90,1.00
Nerlens Noel,3.00,4.40,68.40,0.00,0.00,33.30,1.30,1.70,75.50,1.50,3.40,4.90,0.90,1.00,1.50,1.10
Emmanuel Mudiay,2.80,6.10,46.20,0.60,1.60,34.50,1.20,1.50,75.90,0.30,2.00,2.30,2.10,0.40,0.20,1.40
Kris Dunn,3.00,6.70,44.40,0.60,2.20,25.90,0.80,1.10,74.10,0.50,3.20,3.60,3.40,2.00,0.30,1.30
Willie Cauley-Stein,3.20,5.60,57.90,0.00,0.00,0.00,0.70,1.20,60.60,1.60,4.30,5.80,1.30,0.90,1.10,0.70
Mason Plumlee,2.90,4.70,61.50,0.00,0.10,0.00,1.40,2.50,53.50,1.60,3.60,5.20,2.50,0.50,0.60,1.30
Rondae Hollis-Jefferson,2.60,5.50,47.10,0.10,0.40,13.00,1.80,2.40,73.40,1.80,2.90,4.70,1.80,0.80,0.40,1.00
P.J. Tucker,2.50,5.90,41.50,1.50,4.20,35.80,0.50,0.70,81.30,1.60,5.10,6.60,1.60,1.10,0.50,1.00
Delon Wright,2.60,5.60,46.20,0.60,1.70,37.00,1.10,1.40,77.00,1.00,2.90,3.80,3.30,1.20,0.30,1.00
Brad Wanamaker,2.30,5.10,44.80,0.50,1.40,36.30,1.80,1.90,92.60,0.30,1.70,2.00,2.50,0.90,0.20,1.10
JaMychal Green,2.40,5.60,42.90,1.50,3.80,38.70,0.60,0.80,75.00,1.20,4.90,6.20,0.80,0.50,0.40,0.90
Damyean Dotson,2.50,6.00,41.40,1.20,3.40,36.20,0.50,0.70,66.70,0.20,1.70,1.90,1.20,0.50,0.10,0.40
Kyle Korver,2.20,5.10,43.00,1.70,4.10,41.80,0.60,0.70,85.40,0.30,1.80,2.10,1.20,0.40,0.20,0.80
Chris Boucher,2.30,4.80,47.20,0.60,1.90,32.20,1.50,1.90,78.40,1.70,2.70,4.50,0.40,0.40,1.00,0.50
Nicolo Melli,2.30,5.40,42.10,1.20,3.40,33.50,0.90,1.20,74.00,0.60,2.40,3.00,1.40,0.60,0.40,0.80
James Ennis III,2.30,5.20,44.60,0.80,2.40,32.50,1.10,1.40,80.60,1.00,2.50,3.60,0.90,0.50,0.30,0.80
Ersan Ilyasova,2.30,5.00,46.60,0.80,2.20,36.50,1.10,1.40,82.80,1.00,3.80,4.80,0.80,0.40,0.30,0.50
JaVale McGee,2.90,4.50,63.70,0.00,0.10,50.00,0.80,1.20,64.60,1.80,3.90,5.70,0.50,0.50,1.40,0.80
T.J. McConnell,3.00,5.80,51.60,0.10,0.20,29.40,0.50,0.60,83.30,0.50,2.10,2.70,5.00,0.80,0.20,1.40
Kevin Knox II,2.20,6.20,35.90,1.00,3.10,32.70,1.00,1.60,65.30,0.40,2.40,2.80,0.90,0.40,0.40,0.70
Trey Lyles,2.40,5.40,44.60,1.00,2.70,38.70,0.50,0.70,73.30,1.10,4.60,5.70,1.10,0.40,0.40,0.60
Lonnie Walker IV,2.50,5.90,42.60,0.70,1.70,40.60,0.70,1.00,72.10,0.40,1.90,2.30,1.10,0.50,0.20,0.70
Cory Joseph,2.40,5.70,41.50,0.80,2.20,35.20,0.80,1.00,85.70,0.60,2.00,2.60,3.50,0.70,0.30,1.10
Royce O'Neale,2.20,5.10,43.30,1.30,3.40,37.70,0.60,0.80,76.40,0.40,5.10,5.50,2.50,0.80,0.50,0.90
Marco Belinelli,2.20,5.50,39.20,1.20,3.10,37.60,0.80,1.00,82.80,0.10,1.60,1.70,1.20,0.20,0.00,0.30
Frank Jackson,2.30,5.60,40.50,0.80,2.40,32.60,0.90,1.30,74.70,0.40,1.00,1.40,1.00,0.30,0.10,0.80
Abdel Nader,2.20,4.80,46.80,0.90,2.30,37.50,0.90,1.20,77.30,0.30,1.60,1.80,0.70,0.40,0.40,0.80
Frank Ntilikina,2.30,5.80,39.30,0.80,2.40,32.10,0.90,1.00,86.40,0.40,1.70,2.10,3.00,0.90,0.30,1.20
Taj Gibson,2.70,4.60,58.40,0.10,0.20,28.60,0.70,0.90,73.20,1.80,2.50,4.30,0.80,0.40,0.50,0.80
Juancho Hernangomez,2.10,5.10,40.50,0.90,2.70,34.10,0.90,1.50,62.00,0.90,3.20,4.10,0.80,0.40,0.20,0.70
Mike Scott,2.20,5.10,42.60,1.20,3.20,36.90,0.40,0.50,81.10,1.00,2.70,3.60,0.80,0.30,0.10,0.40
Georges Niang,2.10,4.90,43.80,1.40,3.40,40.00,0.30,0.40,83.30,0.20,1.70,1.90,0.70,0.30,0.10,0.50
Marvin Williams,2.10,4.60,44.60,1.00,2.70,35.90,0.80,1.00,86.00,0.50,2.60,3.20,1.00,0.60,0.50,0.60
Kyle Anderson,2.30,4.90,47.40,0.40,1.30,28.20,0.80,1.20,66.70,0.90,3.40,4.30,2.40,0.80,0.60,1.00
Wes Iwundu,1.90,4.50,41.60,0.50,1.60,34.10,1.50,1.90,80.40,0.50,2.10,2.50,1.20,0.50,0.30,0.50
Maurice Harkless,2.30,4.60,50.20,0.50,1.60,34.70,0.60,1.10,59.10,0.90,3.00,3.90,1.10,0.90,0.50,0.90
Jakob Poeltl,2.50,4.00,62.40,0.00,0.00,0.00,0.60,1.30,46.50,2.00,3.70,5.70,1.80,0.60,1.40,0.80
Darius Bazley,2.00,5.20,39.40,0.80,2.30,34.80,0.70,1.00,69.40,0.50,3.50,4.00,0.70,0.40,0.70,0.70
Damian Jones,2.20,3.20,68.00,0.00,0.20,22.20,1.10,1.50,73.80,1.30,2.40,3.70,0.60,0.50,0.70,0.50
Justin Jackson,2.10,5.20,39.60,0.70,2.50,29.40,0.60,0.80,84.00,0.40,2.00,2.40,0.80,0.20,0.20,0.20
Solomon Hill,1.90,4.70,39.60,1.10,2.90,36.80,0.70,0.90,74.10,0.50,2.30,2.80,1.80,0.70,0.20,0.90
Alex Caruso,1.90,4.50,41.20,0.60,1.90,33.30,1.10,1.50,73.40,0.30,1.70,1.90,1.90,1.10,0.30,0.80
Torrey Craig,2.10,4.60,46.10,0.80,2.40,32.60,0.40,0.60,61.10,1.10,2.20,3.30,0.80,0.40,0.60,0.40
Robin Lopez,2.20,4.50,49.20,0.50,1.60,33.30,0.40,0.80,52.80,0.80,1.60,2.40,0.70,0.20,0.70,1.00
Pat Connaughton,2.00,4.50,45.50,0.80,2.50,33.10,0.50,0.60,77.50,0.90,3.30,4.20,1.60,0.40,0.50,0.80
Mo Bamba,2.10,4.60,46.20,0.60,1.70,34.60,0.50,0.70,67.40,1.60,3.30,4.90,0.70,0.40,1.40,0.70
Sterling Brown,1.80,4.90,37.10,0.80,2.60,32.40,0.60,0.80,80.00,0.60,2.90,3.50,1.00,0.60,0.10,0.80
Raul Neto,1.90,4.10,45.50,0.60,1.60,38.60,0.70,0.90,83.00,0.20,0.90,1.10,1.80,0.40,0.10,0.90
Jerome Robinson,1.80,4.90,37.10,0.80,2.40,32.00,0.60,0.90,70.20,0.20,1.80,2.00,1.40,0.40,0.30,0.80
Isaac Bonga,1.80,3.50,50.40,0.40,1.10,35.20,1.00,1.30,81.20,1.10,2.30,3.40,1.20,0.70,0.30,0.90
Vince Carter,1.80,5.10,35.20,1.00,3.40,30.20,0.40,0.50,79.30,0.30,1.80,2.10,0.80,0.40,0.40,0.60
Cody Martin,1.90,4.30,43.00,0.40,1.60,23.40,0.90,1.40,64.60,0.80,2.50,3.30,2.00,0.80,0.20,0.90
Patrick Patterson,1.60,3.90,40.80,1.10,2.90,39.00,0.60,0.70,81.40,0.60,2.00,2.60,0.70,0.10,0.10,0.40
Jevon Carter,1.70,4.20,41.60,1.10,2.50,42.50,0.40,0.50,85.20,0.50,1.50,2.00,1.40,0.80,0.30,0.60
Tony Bradley,2.20,3.30,66.70,0.10,0.10,100.00,0.50,0.80,65.20,1.90,2.70,4.60,0.40,0.20,0.60,0.50
Mario Hezonja,1.70,4.10,42.20,0.50,1.50,30.80,0.90,1.10,81.40,0.60,2.90,3.50,0.90,0.70,0.20,0.80
Matisse Thybulle,1.70,4.10,42.30,0.90,2.40,35.70,0.40,0.60,61.00,0.70,1.00,1.60,1.20,1.40,0.70,0.80
Thon Maker,1.60,3.20,48.20,0.40,1.10,34.40,1.20,1.80,66.40,0.90,1.90,2.80,0.70,0.40,0.70,0.80
Ryan Arcidiacono,1.60,3.80,40.90,0.90,2.40,39.10,0.50,0.70,71.10,0.30,1.60,1.90,1.70,0.50,0.10,0.60
Treveon Graham,1.60,4.40,36.00,0.60,2.20,27.50,0.70,1.00,64.30,0.90,1.80,2.70,0.80,0.40,0.10,0.50
Bruno Fernando,1.80,3.60,51.80,0.10,0.70,13.50,0.50,0.90,56.90,1.20,2.30,3.50,0.90,0.30,0.30,0.80
Elie Okobo,1.30,3.30,39.80,0.50,1.30,35.20,0.90,1.30,70.40,0.30,1.30,1.60,2.10,0.40,0.10,0.70
Terrance Ferguson,1.40,3.90,35.50,0.90,3.00,29.20,0.30,0.40,75.00,0.40,0.90,1.30,0.90,0.50,0.30,0.60
Anthony Tolliver,1.20,3.30,35.70,0.90,2.60,33.80,0.40,0.50,72.40,0.60,2.20,2.80,0.80,0.30,0.20,0.60
Grant Williams,1.30,3.10,41.20,0.30,1.40,25.00,0.60,0.80,72.20,0.90,1.70,2.60,1.00,0.40,0.50,0.70
Semi Ojeleye,1.20,2.80,40.80,0.70,1.80,37.80,0.40,0.50,87.50,0.40,1.70,2.10,0.50,0.30,0.10,0.30
Rodney McGruder,1.30,3.20,39.80,0.40,1.60,27.00,0.30,0.60,55.90,0.50,2.20,2.70,0.60,0.50,0.10,0.40
Goga Bitadze,1.30,2.80,46.70,0.10,0.80,19.00,0.40,0.60,72.70,0.50,1.50,2.00,0.40,0.20,0.70,0.50
Matthew Dellavedova,1.10,3.10,35.40,0.40,1.60,23.10,0.60,0.60,86.50,0.30,1.00,1.30,3.20,0.40,0.00,1.00
