Player,FG_pc,3P_pc,FT_pc,OREB,DREB,AST,STL,BLK,TOV,ID,Pos,2P_pc
James Harden,44.4,35.5,86.5,1.0,5.5,7.5,1.8,0.9,4.5,hardeja01,SG,0.5555555555555556
Bradley Beal,45.5,35.3,84.2,0.9,3.3,6.1,1.2,0.4,3.4,bealbr01,SG,0.510344827586207
Damian Lillard,46.3,40.1,88.8,0.5,3.8,8.0,1.1,0.3,2.9,lillada01,PG,0.5294117647058825
Trae Young,43.7,36.1,86.0,0.5,3.7,9.3,1.1,0.1,4.8,youngtr01,PG,0.5044247787610618
Giannis Antetokounmpo,55.3,30.4,63.3,2.2,11.4,5.6,1.0,1.0,3.7,antetgi01,SG,0.6333333333333333
Luka Doncic,46.3,31.6,75.8,1.3,8.1,8.8,1.0,0.2,4.3,doncilu01,PG,0.5726495726495726
Russell Westbrook,47.2,25.8,76.3,1.8,6.2,7.0,1.6,0.4,4.5,westbru01,PG,0.5106382978723404
Kawhi Leonard,47.0,37.8,88.6,0.9,6.1,4.9,1.8,0.6,2.6,leonaka01,SF,0.5000000000000001
Devin Booker,48.9,35.4,91.9,0.4,3.8,6.5,0.7,0.3,3.8,bookede01,SG,0.5555555555555555
Anthony Davis,50.3,33.0,84.6,2.3,7.0,3.2,1.5,2.3,2.5,davisan02,PF,0.5422535211267606
Zach LaVine,45.0,38.0,80.2,0.7,4.1,4.2,1.5,0.5,3.4,lavinza01,SG,0.4957983193277311
LeBron James,49.3,34.8,69.3,1.0,6.9,10.2,1.2,0.5,3.9,jamesle01,SF,0.5648854961832062
Donovan Mitchell,44.9,36.6,86.3,0.8,3.6,4.3,1.0,0.2,2.7,mitchdo01,SG,0.496
Brandon Ingram,46.3,39.1,85.1,0.8,5.3,4.2,1.0,0.6,3.0,ingrabr01,SF,0.5043478260869564
Jayson Tatum,45.0,40.3,81.2,1.0,6.0,3.0,1.4,0.9,2.3,tatumja01,SF,0.4782608695652173
D'Angelo Russell,42.6,36.7,80.9,0.4,3.6,6.3,1.1,0.3,3.3,russeda01,PG,0.4891304347826086
Pascal Siakam,45.3,35.9,79.2,1.1,6.3,3.5,1.0,0.9,2.5,siakapa01,PF,0.4959349593495936
CJ McCollum,45.1,37.9,75.7,0.7,3.6,4.4,0.8,0.6,1.8,mccolcj01,SG,0.487603305785124
DeMar DeRozan,53.1,25.7,84.5,0.6,4.9,5.6,1.0,0.3,2.4,derozde01,SG,0.5436241610738255
Andrew Wiggins,44.7,33.2,70.9,1.2,3.9,3.7,0.8,1.0,2.4,wiggian01,SF,0.5042016806722688
De'Aaron Fox,48.0,29.2,70.5,0.7,3.2,6.8,1.5,0.5,3.1,foxde01,PG,0.532258064516129
Khris Middleton,49.7,41.5,91.6,0.7,5.5,4.3,0.9,0.1,2.2,middlkh01,SG,0.5416666666666665
Collin Sexton,47.2,38.0,84.6,0.9,2.2,3.0,1.0,0.1,2.4,sextoco01,PG,0.5000000000000001
Spencer Dinwiddie,41.5,30.8,77.8,0.5,3.0,6.8,0.6,0.3,2.7,dinwisp01,PG,0.4845360824742267
Kemba Walker,42.5,38.1,86.4,0.6,3.2,4.8,0.9,0.5,2.1,walkeke02,PG,0.4799999999999999
Kristaps Porzingis,42.7,35.2,79.9,1.8,7.7,1.8,0.7,2.0,1.6,porzikr01,C,0.4838709677419355
Jaylen Brown,48.1,38.2,72.4,1.1,5.3,2.1,1.1,0.4,2.2,brownja02,SG,0.5360824742268042
Bojan Bogdanovic,44.7,41.4,90.3,0.6,3.5,2.1,0.5,0.1,2.5,bogdabo02,SF,0.4799999999999998
Jimmy Butler,45.5,24.4,83.4,1.8,4.8,6.0,1.8,0.6,2.2,butleji01,SG,0.4909090909090909
Nikola Jokic,52.8,31.4,81.7,2.3,7.5,7.0,1.2,0.6,3.1,jokicni01,C,0.5892857142857143
T.J. Warren,53.6,40.3,81.9,1.0,3.2,1.5,1.2,0.5,1.3,warretj01,SF,0.5739130434782609
Tobias Harris,47.1,36.7,80.6,1.0,5.9,3.2,0.7,0.6,1.4,harrito02,SF-PF,0.5221238938053098
Nikola Vucevic,47.7,33.9,78.4,2.3,8.6,3.6,0.9,0.8,1.4,vucevni01,C,0.5333333333333333
Julius Randle,46.0,27.7,73.3,2.4,7.4,3.1,0.8,0.3,3.0,randlju01,PF,0.5123966942148761
Kyle Lowry,41.6,35.2,85.7,0.6,4.5,7.5,1.4,0.4,3.1,lowryky01,PG,0.5172413793103448
Buddy Hield,42.9,39.4,84.6,0.8,3.8,3.0,0.9,0.2,2.3,hieldbu01,SG,0.4769230769230769
Jrue Holiday,45.5,35.3,70.9,1.3,3.5,6.7,1.6,0.8,3.0,holidjr01,SG,0.5092592592592592
Shai Gilgeous-Alexander,47.1,34.7,80.7,0.7,5.2,3.3,1.1,0.7,1.9,gilgesh01,SG,0.5137614678899082
Dennis Schroder,46.9,38.5,83.9,0.3,3.3,4.0,0.7,0.2,2.6,schrode01,SG,0.520408163265306
LaMarcus Aldridge,49.3,38.9,82.7,1.9,5.5,2.4,0.7,1.6,1.4,aldrila01,PF,0.5166666666666667
Danilo Gallinari,43.8,40.5,89.3,0.5,4.6,1.9,0.7,0.1,1.2,gallida01,SF,0.4754098360655738
Kelly Oubre Jr.,45.2,35.2,78.0,1.2,5.3,1.5,1.3,0.7,1.5,oubreke01,SF,0.5161290322580645
Montrezl Harrell,58.0,0.0,65.8,2.6,4.5,1.7,0.6,1.1,1.7,harremo01,C,0.5952380952380952
Domantas Sabonis,54.0,25.4,72.3,3.0,9.4,5.0,0.8,0.5,2.7,sabondo01,PF,0.5634920634920636
Evan Fournier,46.7,39.9,81.8,0.3,2.3,3.2,1.1,0.2,1.9,fournev01,SG,0.5333333333333333
Jamal Murray,45.6,34.6,88.1,0.8,3.2,4.8,1.1,0.3,2.2,murraja01,SG,0.5154639175257733
Lou Williams,41.8,35.2,86.1,0.5,2.6,5.6,0.7,0.2,2.8,willilo02,SG,0.4479166666666666
Devonte' Graham,38.2,37.3,82.0,0.7,2.7,7.5,1.0,0.2,2.9,grahade01,PG,0.3833333333333333
Derrick Rose,49.0,30.6,87.1,0.5,1.9,5.6,0.8,0.3,2.5,rosede01,PG,0.5327868852459017
Terry Rozier,42.3,40.7,87.4,0.8,3.6,4.1,1.0,0.2,2.2,roziete01,PG,0.4390243902439024
Ja Morant,47.7,33.5,77.6,0.8,3.1,7.3,0.9,0.3,3.3,moranja01,PG,0.5132743362831858
Andre Drummond,53.3,14.3,57.5,4.4,10.8,2.7,1.9,1.6,3.6,drumman01,C,0.5454545454545454
Fred VanVleet,41.3,39.0,84.8,0.3,3.4,6.6,1.9,0.3,2.2,vanvlfr01,SG,0.4324324324324324
Kevin Love,45.0,37.4,85.4,1.0,8.8,3.2,0.6,0.3,2.5,loveke01,PF,0.5333333333333333
Chris Paul,48.9,36.5,90.7,0.4,4.6,6.7,1.6,0.2,2.3,paulch01,PG,0.5476190476190477
Gordon Hayward,50.0,38.3,85.5,1.1,5.6,4.1,0.7,0.4,1.8,haywago01,SF,0.5543478260869565
Jaren Jackson Jr.,46.9,39.4,74.7,1.0,3.6,1.4,0.7,1.6,1.7,jacksja02,PF,0.5522388059701493
Marcus Morris Sr.,43.8,40.8,82.3,1.0,4.1,1.4,0.8,0.5,1.6,morrima03,SF-PF,0.4533333333333333
Malcolm Brogdon,43.8,32.6,89.2,0.9,4.0,7.1,0.6,0.2,2.4,brogdma01,SG,0.4842105263157894
Ben Simmons,58.0,28.6,62.1,2.0,5.8,8.0,2.1,0.6,3.5,simmobe01,PG,0.5840707964601769
Dillon Brooks,40.7,35.8,80.8,0.9,2.4,2.1,0.9,0.4,1.7,brookdi01,SG,0.4444444444444444
Goran Dragic,44.1,36.7,77.6,0.5,2.7,5.1,0.7,0.2,2.4,dragigo01,PG,0.5
Norman Powell,49.5,39.9,84.3,0.5,3.2,1.8,1.2,0.4,1.5,powelno01,SG,0.5806451612903226
Bam Adebayo,55.7,14.3,69.1,2.4,7.8,5.1,1.1,1.3,2.8,adebaba01,PF,0.5648148148148148
Tim Hardaway Jr.,43.4,39.8,81.9,0.4,2.9,1.9,0.6,0.1,1.0,hardati02,SG,0.4716981132075473
Hassan Whiteside,62.1,57.1,68.6,3.9,9.7,1.2,0.4,2.9,1.8,whiteha01,C,0.6153846153846154
Davis Bertans,43.4,42.4,85.2,0.6,3.9,1.7,0.7,0.6,1.1,bertada01,PF,0.4615384615384613
Carmelo Anthony,43.0,38.5,84.5,1.2,5.1,1.5,0.8,0.5,1.7,anthoca01,SF,0.4479166666666667
Serge Ibaka,51.2,38.5,71.8,2.1,6.1,1.4,0.5,0.8,2.0,ibakase01,PF,0.5505617977528091
Kendrick Nunn,43.9,35.0,85.0,0.3,2.4,3.3,0.8,0.2,1.7,nunnke01,PG,0.5128205128205129
JJ Redick,45.3,45.3,89.2,0.2,2.4,2.0,0.3,0.2,1.3,redicjj01,SG,0.4615384615384614
Jordan Clarkson,45.4,36.8,83.6,0.7,1.9,1.9,0.6,0.2,1.4,clarkjo01,SG,0.53125
Bogdan Bogdanovic,44.0,37.2,74.1,0.4,3.0,3.4,1.0,0.2,1.7,bogdabo01,SG,0.5185185185185185
Rudy Gobert,69.3,0.0,63.0,3.4,10.1,1.5,0.8,2.0,1.9,goberru01,C,0.6951219512195123
Will Barton,45.0,37.5,76.7,1.3,5.0,3.7,1.1,0.5,1.5,bartowi01,SG,0.4935064935064935
Alec Burks,41.8,38.5,88.7,0.7,3.5,2.9,0.9,0.3,1.4,burksal01,SG,0.4428571428571429
Eric Bledsoe,47.5,34.4,79.0,0.7,3.9,5.4,0.9,0.4,2.4,bledser01,PG,0.5375
Jonas Valanciunas,58.5,35.2,74.0,3.0,8.2,1.9,0.4,1.1,1.8,valanjo01,C,0.6129032258064517
Lauri Markkanen,42.5,34.4,82.4,1.2,5.1,1.5,0.8,0.5,1.6,markkla01,PF,0.5090909090909089
Terrence Ross,40.3,35.1,85.3,0.2,3.0,1.2,1.1,0.3,1.0,rosste01,SG,0.4599999999999999
Harrison Barnes,46.0,38.1,80.1,1.1,3.9,2.2,0.6,0.2,1.2,barneha02,SF,0.5068493150684932
Joe Harris,48.6,42.4,71.9,0.9,3.4,2.1,0.6,0.2,1.5,harrijo01,SG,0.5454545454545454
Aaron Gordon,43.7,30.8,67.4,1.7,5.9,3.7,0.8,0.6,1.6,gordoaa01,SF,0.4883720930232557
RJ Barrett,40.2,32.0,61.4,0.9,4.1,2.6,1.0,0.3,2.2,barrerj01,SG,0.431578947368421
Eric Paschall,49.7,28.7,77.4,1.4,3.2,2.1,0.5,0.2,1.6,pascher01,PF,0.5529411764705883
Josh Richardson,43.0,34.1,80.9,0.7,2.4,2.9,0.9,0.7,1.9,richajo01,SG,0.5
Tyler Herro,42.8,38.9,87.0,0.3,3.8,2.2,0.6,0.2,1.6,herroty01,SG,0.459016393442623
Duncan Robinson,47.0,44.6,93.1,0.1,3.0,1.4,0.5,0.3,1.0,robindu01,SG,0.6363636363636367
Coby White,39.4,35.4,79.1,0.4,3.1,2.7,0.8,0.1,1.7,whiteco01,PG,0.4375
Christian Wood,56.7,38.6,74.4,1.7,4.6,1.0,0.5,0.9,1.4,woodch01,PF,0.6271186440677966
Ricky Rubio,41.5,36.1,86.3,0.7,4.0,8.8,1.4,0.2,2.7,rubiori01,PG,0.4383561643835617
Miles Bridges,42.4,33.0,80.9,1.4,4.2,1.8,0.6,0.7,1.5,bridgmi02,SF,0.4857142857142857
Marcus Smart,37.5,34.7,83.6,0.7,3.1,4.9,1.7,0.5,1.7,smartma01,SG,0.4166666666666666
Kyle Kuzma,43.6,31.6,73.5,0.9,3.6,1.3,0.5,0.4,1.5,kuzmaky01,PF,0.5230769230769231
Damion Lee,41.7,35.6,87.3,0.7,4.2,2.7,1.0,0.1,1.4,leeda03,SG,0.4727272727272726
Robert Covington,42.2,33.5,79.8,0.9,5.7,1.3,1.6,1.3,1.5,covinro01,SF,0.6176470588235295
Seth Curry,49.5,45.2,82.5,0.4,1.8,1.9,0.6,0.1,1.0,curryse01,SG,0.5250000000000001
De'Andre Hunter,41.0,35.5,76.4,0.7,3.8,1.8,0.7,0.3,1.6,huntede01,SF,0.4499999999999999
Darius Garland,40.1,35.5,87.5,0.5,1.4,3.9,0.7,0.1,2.6,garlada01,SG,0.4264705882352941
P.J. Washington,45.5,37.4,64.7,1.0,4.4,2.1,0.9,0.8,1.6,washipj01,PF,0.5
Kevin Huerter,41.3,38.0,82.8,0.6,3.4,3.8,0.9,0.5,1.6,huertke01,SG,0.4489795918367347
Markelle Fultz,46.5,26.7,73.0,0.6,2.7,5.1,1.3,0.2,2.0,fultzma01,SG,0.5113636363636365
Myles Turner,45.7,34.4,75.1,1.4,5.2,1.2,0.7,2.1,1.4,turnemy01,C,0.5272727272727272
Taurean Prince,37.6,33.9,79.8,0.8,5.2,1.8,0.9,0.4,2.0,princta02,SF,0.4166666666666667
Brandon Clarke,61.8,35.9,75.9,1.6,4.4,1.4,0.6,0.8,0.9,clarkbr01,PF,0.6527777777777776
Tristan Thompson,51.2,39.1,61.5,4.0,6.2,2.1,0.6,0.9,1.8,thomptr01,PF,0.5157894736842105
Jerami Grant,47.8,38.9,75.0,0.8,2.7,1.2,0.7,0.8,0.9,grantje01,SF,0.537037037037037
Brook Lopez,43.5,31.4,83.6,0.9,3.7,1.5,0.7,2.4,1.0,lopezbr01,C,0.5490196078431372
Al Horford,45.0,35.0,76.3,1.5,5.3,4.0,0.8,0.9,1.2,horfoal01,C,0.515625
Lonzo Ball,40.3,37.5,56.6,1.1,5.0,7.0,1.4,0.6,3.1,balllo01,PG,0.4565217391304348
Glenn Robinson III,48.6,39.1,86.0,1.3,3.0,1.5,0.9,0.3,0.9,robingl02,SG-SF,0.5396825396825397
Patty Mills,43.1,38.2,86.6,0.3,1.3,1.8,0.8,0.1,0.8,millspa02,PG,0.5333333333333333
Nemanja Bjelica,48.1,41.9,82.1,1.5,4.8,2.8,0.9,0.6,1.4,bjeline01,PF,0.5319148936170215
Derrick White,45.8,36.6,85.3,0.5,2.8,3.5,0.6,0.9,1.3,whitede01,SG,0.5102040816326531
Bryn Forbes,41.7,38.8,83.3,0.2,1.8,1.7,0.5,0.0,0.9,forbebr01,SG,0.4687500000000001
Malik Beasley,42.5,38.8,81.8,0.3,2.4,1.4,0.7,0.1,1.0,beaslma01,SG,0.4680851063829787
Jarrett Allen,64.9,0.0,63.3,3.1,6.5,1.6,0.6,1.3,1.1,allenja01,C,0.6615384615384615
Cody Zeller,52.4,24.0,68.2,2.8,4.3,1.5,0.7,0.4,1.3,zelleco01,C,0.5714285714285714
Cedi Osman,43.7,38.3,67.0,0.6,3.0,2.4,0.8,0.2,1.4,osmande01,SF,0.4888888888888888
Dejounte Murray,46.2,36.9,79.8,1.0,4.8,4.1,1.7,0.3,1.9,murrade01,PG,0.4875
Ish Smith,44.7,36.7,72.1,0.4,2.8,4.9,0.9,0.4,1.4,smithis01,PG,0.4736842105263158
Jeff Teague,43.6,36.8,87.3,0.5,1.9,5.2,0.7,0.3,2.0,teaguje01,PG,0.4603174603174603
Steven Adams,59.2,33.3,58.2,3.3,6.0,2.3,0.8,1.1,1.5,adamsst01,C,0.5921052631578948
Rudy Gay,44.6,33.6,88.2,0.9,4.5,1.7,0.5,0.5,1.3,gayru01,SF,0.5178571428571428
Dario Saric,47.6,35.7,84.4,1.5,4.6,1.9,0.6,0.2,1.3,saricda01,PF,0.5652173913043478
OG Anunoby,50.5,39.0,70.6,1.2,4.1,1.6,1.4,0.7,1.1,anunoog01,SF,0.5714285714285715
Jae Crowder,40.1,34.3,77.6,0.8,5.1,2.5,1.1,0.4,1.1,crowdja01,SF-PF,0.5384615384615385
Cam Reddish,38.4,33.2,80.2,0.6,3.1,1.5,1.1,0.5,1.7,reddica01,SF,0.4339622641509434
D.J. Augustin,39.9,34.8,89.0,0.4,1.8,4.6,0.6,0.0,1.5,augusdj01,PG,0.4347826086956522
Danuel House Jr.,42.7,36.3,81.1,0.9,3.3,1.3,1.1,0.5,0.9,houseda01,SF,0.5666666666666668
Troy Brown Jr.,43.9,34.1,78.4,1.1,4.4,2.6,1.2,0.1,1.1,browntr01,SF,0.484375
Gary Harris,42.0,33.3,81.5,0.5,2.4,2.1,1.4,0.3,1.1,harriga01,SG,0.4727272727272726
Garrett Temple,37.8,32.9,80.5,0.5,3.0,2.5,0.8,0.5,1.0,templga01,SG,0.4848484848484849
Shabazz Napier,41.2,31.7,82.4,0.5,2.4,4.7,1.2,0.2,2.3,napiesh01,PG,0.5263157894736842
Thaddeus Young,44.8,35.6,58.3,1.5,3.5,1.8,1.4,0.4,1.6,youngth01,PF,0.5084745762711864
Doug McDermott,48.8,43.5,82.8,0.4,2.1,1.1,0.2,0.1,0.6,mcderdo01,SF,0.5555555555555555
Langston Galloway,43.5,39.9,85.9,0.5,1.8,1.5,0.7,0.2,0.6,gallola01,SG,0.5000000000000001
Malik Monk,43.4,28.4,82.0,0.5,2.4,2.1,0.5,0.3,1.4,monkma01,SG,0.5384615384615384
Bobby Portis,45.0,35.8,76.3,1.2,3.9,1.5,0.5,0.3,1.1,portibo01,PF,0.4918032786885245
Josh Hart,42.3,34.2,73.9,0.9,5.6,1.7,1.0,0.4,1.2,hartjo01,SG,0.5714285714285717
Larry Nance Jr.,53.1,35.2,67.6,1.9,5.4,2.2,1.0,0.4,1.1,nancela02,PF,0.6326530612244897
Ben McLemore,44.4,40.0,74.6,0.3,1.9,0.8,0.6,0.2,0.7,mclembe01,SG,0.6923076923076923
Kevin Porter Jr.,44.2,33.5,72.3,0.4,2.8,2.2,0.9,0.3,1.9,porteke02,SF,0.5
Tomas Satoransky,43.0,32.2,87.6,1.2,2.7,5.4,1.2,0.1,2.0,satorto01,SG,0.4814814814814814
Joe Ingles,44.5,39.9,78.7,0.4,3.5,5.2,0.9,0.2,2.0,inglejo01,SF,0.5
Furkan Korkmaz,43.0,40.2,75.5,0.3,2.1,1.1,0.6,0.2,0.8,korkmfu01,SG,0.4827586206896552
Mitchell Robinson,74.2,0.0,56.8,3.0,4.0,0.6,0.9,2.0,0.6,robinmi01,C,0.7321428571428571
Markieff Morris,44.3,38.6,77.6,0.7,3.1,1.3,0.5,0.3,1.3,morrima02,PF,0.5
Dorian Finney-Smith,46.6,37.6,72.2,2.0,3.7,1.6,0.6,0.5,1.0,finnedo01,SF,0.5806451612903224
Aaron Holiday,41.4,39.4,85.1,0.3,2.0,3.4,0.8,0.2,1.3,holidaa01,PG,0.4230769230769231
George Hill,51.6,46.0,84.2,0.8,2.2,3.1,0.8,0.1,1.0,hillge01,PG,0.5588235294117646
Kentavious Caldwell-Pope,46.7,38.5,77.5,0.6,1.5,1.6,0.8,0.2,0.9,caldwke01,SG,0.5526315789473684
Michael Porter Jr.,50.9,42.2,83.3,1.2,3.5,0.8,0.5,0.5,0.9,portemi01,SF,0.5581395348837209
Marquese Chriss,54.5,20.5,76.9,1.9,4.3,1.9,0.7,1.1,1.3,chrisma01,PF,0.603448275862069
Landry Shamet,40.4,37.5,85.5,0.1,1.8,1.9,0.4,0.2,0.8,shamela01,SG,0.4999999999999998
Daniel Theis,56.6,33.3,76.3,2.2,4.4,1.7,0.6,1.3,0.8,theisda01,C,0.627450980392157
Donte DiVincenzo,45.5,33.6,73.3,1.0,3.8,2.3,1.3,0.3,1.4,divindo01,SG,0.55
Jarrett Culver,40.4,29.9,46.2,1.1,2.3,1.7,0.9,0.6,1.3,culveja01,SG,0.4909090909090909
Mikal Bridges,51.0,36.1,84.4,0.9,3.1,1.8,1.4,0.6,1.0,bridgmi01,SF,0.6153846153846154
Maxi Kleber,46.1,37.3,84.9,1.5,3.7,1.2,0.3,1.1,0.8,klebima01,PF,0.6153846153846153
Monte Morris,45.9,37.8,84.3,0.3,1.5,3.5,0.8,0.2,0.7,morrimo01,PG,0.5
Derrick Favors,61.7,14.3,56.3,3.2,6.6,1.6,0.6,0.9,1.1,favorde01,PF,0.6307692307692307
Svi Mykhailiuk,41.0,40.4,81.4,0.3,1.6,1.9,0.7,0.1,1.1,mykhasv01,SF,0.4285714285714284
Bruce Brown,44.3,34.4,73.9,1.1,3.7,4.0,1.1,0.5,1.7,brownbr01,SG,0.4666666666666666
Gary Trent Jr.,44.4,41.8,82.2,0.4,1.2,1.0,0.8,0.3,0.3,trentga02,SG,0.5000000000000001
Cameron Johnson,43.5,39.0,80.7,0.9,2.4,1.2,0.6,0.4,0.6,johnsca02,PF,0.5217391304347827
Jordan Poole,33.3,27.9,79.8,0.2,1.9,2.4,0.6,0.2,1.3,poolejo01,SG,0.3809523809523808
Kent Bazemore,37.5,34.4,76.9,0.4,3.9,1.4,1.1,0.6,1.3,bazemke01,SG,0.3953488372093022
Austin Rivers,42.1,35.6,70.3,0.4,2.2,1.7,0.7,0.1,0.7,riverau01,SG,0.5
Josh Okogie,42.7,26.6,79.6,1.4,2.9,1.6,1.1,0.4,1.4,okogijo01,SG,0.5128205128205128
Derrick Jones Jr.,52.7,28.0,77.2,1.1,2.8,1.1,1.0,0.6,0.5,jonesde02,SF,0.6756756756756757
E'Twaun Moore,42.6,37.7,68.9,0.6,1.8,1.4,0.6,0.2,0.7,mooreet01,SG,0.4583333333333333
DeAndre Jordan,66.6,0.0,68.0,2.5,7.5,1.9,0.3,0.9,1.3,jordade01,C,0.6666666666666667
Ivica Zubac,61.3,0.0,74.7,2.7,4.8,1.1,0.2,0.9,0.8,zubaciv01,C,0.6226415094339622
Anfernee Simons,39.9,33.2,82.6,0.4,1.8,1.4,0.4,0.1,0.9,simonan01,SG,0.4444444444444444
Justin Holiday,42.8,40.5,79.1,0.4,2.8,1.3,1.2,0.6,0.6,holidju01,SG,0.4545454545454544
Kelly Olynyk,46.2,40.6,86.0,0.7,3.9,1.7,0.7,0.3,1.1,olynyke01,PF,0.5416666666666667
Jalen Brunson,46.6,35.8,81.3,0.4,2.0,3.3,0.4,0.1,1.2,brunsja01,PG,0.5106382978723406
Enes Kanter,57.2,14.3,70.7,2.8,4.6,1.0,0.4,0.7,1.0,kanteen01,C,0.5762711864406779
Danny Green,41.6,36.7,68.8,0.8,2.6,1.3,1.3,0.5,0.9,greenda02,SG,0.4999999999999999
Tony Snell,44.5,40.2,100.0,0.2,1.7,2.2,0.5,0.3,0.5,snellto01,SG,0.5454545454545454
Trevor Ariza,43.8,37.2,83.8,0.6,4.0,1.7,1.3,0.3,1.1,arizatr01,SF,0.5454545454545456
Alex Len,55.5,27.1,64.8,1.8,4.0,0.9,0.4,0.9,1.0,lenal01,C,0.6170212765957448
Patrick Beverley,43.1,38.8,66.0,1.1,4.1,3.6,1.1,0.5,1.3,beverpa01,SG,0.4814814814814814
De'Anthony Melton,40.1,28.6,76.9,0.7,3.0,2.9,1.3,0.3,1.4,meltode01,PG,0.4545454545454545
Omari Spellman,43.1,39.1,79.3,1.6,2.9,1.0,0.7,0.5,1.1,spellom01,PF,0.4473684210526316
Terence Davis,45.6,38.8,86.4,0.7,2.6,1.6,0.5,0.2,1.1,daviste02,SG,0.5555555555555556
Dwight Howard,72.9,60.0,51.4,2.5,4.9,0.7,0.4,1.1,1.2,howardw01,C,0.7435897435897436
Tyus Jones,45.9,37.9,74.1,0.1,1.4,4.4,0.9,0.1,0.8,jonesty01,PG,0.4893617021276596
Bismack Biyombo,54.3,0.0,60.3,2.3,3.5,0.9,0.2,0.9,0.9,biyombi01,C,0.5384615384615384
Jaxson Hayes,67.2,25.0,64.7,1.5,2.5,0.9,0.4,0.9,0.8,hayesja02,C,0.6923076923076924
Wesley Matthews,39.6,36.4,76.5,0.3,2.1,1.4,0.6,0.1,0.6,matthwe02,SG,0.4736842105263159
Gorgui Dieng,45.6,35.5,77.2,1.4,4.2,1.2,0.8,0.9,1.0,dienggo01,PF,0.5000000000000001
Nerlens Noel,68.4,33.3,75.5,1.5,3.4,0.9,1.0,1.5,1.1,noelne01,C,0.6818181818181818
Emmanuel Mudiay,46.2,34.5,75.9,0.3,2.0,2.1,0.4,0.2,1.4,mudiaem01,PG,0.4888888888888888
Kris Dunn,44.4,25.9,74.1,0.5,3.2,3.4,2.0,0.3,1.3,dunnkr01,PG,0.5333333333333333
Willie Cauley-Stein,57.9,0.0,60.6,1.6,4.3,1.3,0.9,1.1,0.7,caulewi01,C,0.5714285714285715
Mason Plumlee,61.5,0.0,53.5,1.6,3.6,2.5,0.5,0.6,1.3,plumlma01,C,0.6304347826086956
Rondae Hollis-Jefferson,47.1,13.0,73.4,1.8,2.9,1.8,0.8,0.4,1.0,holliro01,SF,0.4901960784313726
P.J. Tucker,41.5,35.8,81.3,1.6,5.1,1.6,1.1,0.5,1.0,tuckepj01,SG,0.588235294117647
Delon Wright,46.2,37.0,77.0,1.0,2.9,3.3,1.2,0.3,1.0,wrighde01,PG,0.5128205128205129
Brad Wanamaker,44.8,36.3,92.6,0.3,1.7,2.5,0.9,0.2,1.1,wanambr01,PG,0.4864864864864864
JaMychal Green,42.9,38.7,75.0,1.2,4.9,0.8,0.5,0.4,0.9,greenja01,PF,0.5
Damyean Dotson,41.4,36.2,66.7,0.2,1.7,1.2,0.5,0.1,0.4,dotsoda01,SG,0.5
Kyle Korver,43.0,41.8,85.4,0.3,1.8,1.2,0.4,0.2,0.8,korveky01,SG-PF,0.5000000000000002
Chris Boucher,47.2,32.2,78.4,1.7,2.7,0.4,0.4,1.0,0.5,bouchch01,PF,0.5862068965517241
Nicolo Melli,42.1,33.5,74.0,0.6,2.4,1.4,0.6,0.4,0.8,mellini01,C,0.5499999999999998
James Ennis III,44.6,32.5,80.6,1.0,2.5,0.9,0.5,0.3,0.8,ennisja01,SF-SG,0.5357142857142856
Ersan Ilyasova,46.6,36.5,82.8,1.0,3.8,0.8,0.4,0.3,0.5,ilyaser01,PF,0.5357142857142857
JaVale McGee,63.7,50.0,64.6,1.8,3.9,0.5,0.5,1.4,0.8,mcgeeja01,C,0.6590909090909091
T.J. McConnell,51.6,29.4,83.3,0.5,2.1,5.0,0.8,0.2,1.4,mccontj01,PG,0.5178571428571429
Kevin Knox II,35.9,32.7,65.3,0.4,2.4,0.9,0.4,0.4,0.7,knoxke01,SF,0.3870967741935484
Trey Lyles,44.6,38.7,73.3,1.1,4.6,1.1,0.4,0.4,0.6,lylestr01,PF,0.5185185185185185
Lonnie Walker IV,42.6,40.6,72.1,0.4,1.9,1.1,0.5,0.2,0.7,walkelo01,SG,0.4285714285714285
Cory Joseph,41.5,35.2,85.7,0.6,2.0,3.5,0.7,0.3,1.1,josepco01,SG,0.4571428571428571
Royce O'Neale,43.3,37.7,76.4,0.4,5.1,2.5,0.8,0.5,0.9,onealro01,SF,0.5294117647058825
Marco Belinelli,39.2,37.6,82.8,0.1,1.6,1.2,0.2,0.0,0.3,belinma01,SG,0.4166666666666668
Frank Jackson,40.5,32.6,74.7,0.4,1.0,1.0,0.3,0.1,0.8,jacksfr01,PG,0.4687499999999999
Abdel Nader,46.8,37.5,77.3,0.3,1.6,0.7,0.4,0.4,0.8,naderab01,SF,0.5200000000000001
Frank Ntilikina,39.3,32.1,86.4,0.4,1.7,3.0,0.9,0.3,1.2,ntilila01,PG,0.4411764705882352
Taj Gibson,58.4,28.6,73.2,1.8,2.5,0.8,0.4,0.5,0.8,gibsota01,PF,0.590909090909091
Juancho Hernangomez,40.5,34.1,62.0,0.9,3.2,0.8,0.4,0.2,0.7,hernaju01,PF,0.5000000000000002
Mike Scott,42.6,36.9,81.1,1.0,2.7,0.8,0.3,0.1,0.4,scottmi01,PF,0.5263157894736845
Georges Niang,43.8,40.0,83.3,0.2,1.7,0.7,0.3,0.1,0.5,niangge01,PF,0.4666666666666667
Marvin Williams,44.6,35.9,86.0,0.5,2.6,1.0,0.6,0.5,0.6,willima02,SF,0.5789473684210529
Kyle Anderson,47.4,28.2,66.7,0.9,3.4,2.4,0.8,0.6,1.0,anderky01,SF,0.5277777777777777
Wes Iwundu,41.6,34.1,80.4,0.5,2.1,1.2,0.5,0.3,0.5,iwundwe01,SF,0.4827586206896551
Maurice Harkless,50.2,34.7,59.1,0.9,3.0,1.1,0.9,0.5,0.9,harklma01,SF,0.6
Jakob Poeltl,62.4,0.0,46.5,2.0,3.7,1.8,0.6,1.4,0.8,poeltja01,C,0.625
Darius Bazley,39.4,34.8,69.4,0.5,3.5,0.7,0.4,0.7,0.7,bazleda01,PF,0.4137931034482758
Damian Jones,68.0,22.2,73.8,1.3,2.4,0.6,0.5,0.7,0.5,jonesda03,C,0.7333333333333334
Justin Jackson,39.6,29.4,84.0,0.4,2.0,0.8,0.2,0.2,0.2,jacksju01,SF,0.5185185185185185
Solomon Hill,39.6,36.8,74.1,0.5,2.3,1.8,0.7,0.2,0.9,hillso01,SF,0.4444444444444442
Alex Caruso,41.2,33.3,73.4,0.3,1.7,1.9,1.1,0.3,0.8,carusal01,PG,0.4999999999999999
Torrey Craig,46.1,32.6,61.1,1.1,2.2,0.8,0.4,0.6,0.4,craigto01,SF,0.590909090909091
Robin Lopez,49.2,33.3,52.8,0.8,1.6,0.7,0.2,0.7,1.0,lopezro01,C,0.5862068965517242
Pat Connaughton,45.5,33.1,77.5,0.9,3.3,1.6,0.4,0.5,0.8,connapa01,SG,0.6
Mo Bamba,46.2,34.6,67.4,1.6,3.3,0.7,0.4,1.4,0.7,bambamo01,C,0.517241379310345
Sterling Brown,37.1,32.4,80.0,0.6,2.9,1.0,0.6,0.1,0.8,brownst02,SG,0.4347826086956521
Raul Neto,45.5,38.6,83.0,0.2,0.9,1.8,0.4,0.1,0.9,netora01,PG,0.52
Jerome Robinson,37.1,32.0,70.2,0.2,1.8,1.4,0.4,0.3,0.8,robinje01,SG,0.3999999999999999
Isaac Bonga,50.4,35.2,81.2,1.1,2.3,1.2,0.7,0.3,0.9,bongais01,SF,0.5833333333333334
Vince Carter,35.2,30.2,79.3,0.3,1.8,0.8,0.4,0.4,0.6,cartevi01,SG,0.4705882352941177
Cody Martin,43.0,23.4,64.6,0.8,2.5,2.0,0.8,0.2,0.9,martico01,SF,0.5555555555555556
Patrick Patterson,40.8,39.0,81.4,0.6,2.0,0.7,0.1,0.1,0.4,pattepa01,PF,0.5
Jevon Carter,41.6,42.5,85.2,0.5,1.5,1.4,0.8,0.3,0.6,carteje01,PG,0.3529411764705881
Tony Bradley,66.7,100.0,65.2,1.9,2.7,0.4,0.2,0.6,0.5,bradlto01,C,0.6562500000000001
Mario Hezonja,42.2,30.8,81.4,0.6,2.9,0.9,0.7,0.2,0.8,hezonma01,SF,0.4615384615384615
Matisse Thybulle,42.3,35.7,61.0,0.7,1.0,1.2,1.4,0.7,0.8,thybuma01,SG,0.4705882352941177
Thon Maker,48.2,34.4,66.4,0.9,1.9,0.7,0.4,0.7,0.8,makerth01,PF,0.5714285714285715
Ryan Arcidiacono,40.9,39.1,71.1,0.3,1.6,1.7,0.5,0.1,0.6,arcidry01,PG,0.5000000000000001
Treveon Graham,36.0,27.5,64.3,0.9,1.8,0.8,0.4,0.1,0.5,grahatr01,SG,0.4545454545454545
Bruno Fernando,51.8,13.5,56.9,1.2,2.3,0.9,0.3,0.3,0.8,fernabr01,C,0.5862068965517241
Elie Okobo,39.8,35.2,70.4,0.3,1.3,2.1,0.4,0.1,0.7,okoboel01,PG,0.4000000000000001
Terrance Ferguson,35.5,29.2,75.0,0.4,0.9,0.9,0.5,0.3,0.6,fergute01,SG,0.5555555555555555
Anthony Tolliver,35.7,33.8,72.4,0.6,2.2,0.8,0.3,0.2,0.6,tollian01,SF,0.4285714285714286
Grant Williams,41.2,25.0,72.2,0.9,1.7,1.0,0.4,0.5,0.7,willigr01,PF,0.588235294117647
Semi Ojeleye,40.8,37.8,87.5,0.4,1.7,0.5,0.3,0.1,0.3,ojelese01,PF,0.5000000000000001
Rodney McGruder,39.8,27.0,55.9,0.5,2.2,0.6,0.5,0.1,0.4,mcgruro01,SG,0.5625
Goga Bitadze,46.7,19.0,72.7,0.5,1.5,0.4,0.2,0.7,0.5,bitadgo01,C,0.6000000000000001
Matthew Dellavedova,35.4,23.1,86.5,0.3,1.0,3.2,0.4,0.0,1.0,dellama01,SG,0.4666666666666667
