Player,FGM,FGA,FG_pc,3PM,3PA,3P_pc,FTM,FTA,FT_pc,OREB,DREB,REB,AST,STL,BLK,TOV,ID,Pos,2PA,2PM,2P_pc
James Harden,9.9,22.3,44.4,4.4,12.4,35.5,10.2,11.8,86.5,1.0,5.5,6.6,7.5,1.8,0.9,4.5,hardeja01,SG,9.9,5.5,0.5555555555555556
Bradley Beal,10.4,22.9,45.5,3.0,8.4,35.3,6.8,8.0,84.2,0.9,3.3,4.2,6.1,1.2,0.4,3.4,bealbr01,SG,14.499999999999998,7.4,0.510344827586207
Damian Lillard,9.5,20.4,46.3,4.1,10.2,40.1,7.0,7.8,88.8,0.5,3.8,4.3,8.0,1.1,0.3,2.9,lillada01,PG,10.2,5.4,0.5294117647058825
Trae Young,9.1,20.8,43.7,3.4,9.5,36.1,8.0,9.3,86.0,0.5,3.7,4.3,9.3,1.1,0.1,4.8,youngtr01,PG,11.3,5.699999999999999,0.5044247787610618
Giannis Antetokounmpo,10.9,19.7,55.3,1.4,4.7,30.4,6.3,10.0,63.3,2.2,11.4,13.6,5.6,1.0,1.0,3.7,antetgi01,SG,15.0,9.5,0.6333333333333333
Luka Doncic,9.5,20.6,46.3,2.8,8.9,31.6,7.0,9.2,75.8,1.3,8.1,9.4,8.8,1.0,0.2,4.3,doncilu01,PG,11.700000000000001,6.7,0.5726495726495726
Russell Westbrook,10.6,22.5,47.2,1.0,3.7,25.8,5.1,6.7,76.3,1.8,6.2,7.9,7.0,1.6,0.4,4.5,westbru01,PG,18.8,9.6,0.5106382978723404
Kawhi Leonard,9.3,19.9,47.0,2.2,5.7,37.8,6.2,7.1,88.6,0.9,6.1,7.1,4.9,1.8,0.6,2.6,leonaka01,SF,14.2,7.1000000000000005,0.5000000000000001
Devin Booker,9.0,18.3,48.9,2.0,5.7,35.4,6.7,7.3,91.9,0.4,3.8,4.2,6.5,0.7,0.3,3.8,bookede01,SG,12.600000000000001,7.0,0.5555555555555555
Anthony Davis,8.9,17.7,50.3,1.2,3.5,33.0,7.2,8.5,84.6,2.3,7.0,9.3,3.2,1.5,2.3,2.5,davisan02,PF,14.2,7.7,0.5422535211267606
Zach LaVine,9.0,20.0,45.0,3.1,8.1,38.0,4.5,5.6,80.2,0.7,4.1,4.8,4.2,1.5,0.5,3.4,lavinza01,SG,11.9,5.9,0.4957983193277311
LeBron James,9.6,19.4,49.3,2.2,6.3,34.8,3.9,5.7,69.3,1.0,6.9,7.8,10.2,1.2,0.5,3.9,jamesle01,SF,13.099999999999998,7.3999999999999995,0.5648854961832062
Donovan Mitchell,8.7,19.4,44.9,2.5,6.9,36.6,4.0,4.7,86.3,0.8,3.6,4.4,4.3,1.0,0.2,2.7,mitchdo01,SG,12.499999999999998,6.199999999999999,0.496
Brandon Ingram,8.2,17.7,46.3,2.4,6.2,39.1,5.0,5.9,85.1,0.8,5.3,6.1,4.2,1.0,0.6,3.0,ingrabr01,SF,11.5,5.799999999999999,0.5043478260869564
Jayson Tatum,8.4,18.6,45.0,2.9,7.1,40.3,3.8,4.7,81.2,1.0,6.0,7.0,3.0,1.4,0.9,2.3,tatumja01,SF,11.500000000000002,5.5,0.4782608695652173
D'Angelo Russell,8.0,18.8,42.6,3.5,9.6,36.7,3.6,4.4,80.9,0.4,3.6,3.9,6.3,1.1,0.3,3.3,russeda01,PG,9.200000000000001,4.5,0.48913043478260865
Pascal Siakam,8.3,18.4,45.3,2.2,6.1,35.9,4.0,5.1,79.2,1.1,6.3,7.3,3.5,1.0,0.9,2.5,siakapa01,PF,12.299999999999999,6.1000000000000005,0.4959349593495936
CJ McCollum,8.7,19.4,45.1,2.8,7.3,37.9,2.0,2.6,75.7,0.7,3.6,4.2,4.4,0.8,0.6,1.8,mccolcj01,SG,12.099999999999998,5.8999999999999995,0.487603305785124
DeMar DeRozan,8.2,15.4,53.1,0.1,0.5,25.7,5.6,6.6,84.5,0.6,4.9,5.5,5.6,1.0,0.3,2.4,derozde01,SG,14.9,8.1,0.5436241610738255
Andrew Wiggins,8.1,18.1,44.7,2.1,6.2,33.2,3.5,5.0,70.9,1.2,3.9,5.1,3.7,0.8,1.0,2.4,wiggian01,SF,11.900000000000002,6.0,0.5042016806722688
De'Aaron Fox,7.7,16.0,48.0,1.1,3.6,29.2,4.7,6.7,70.5,0.7,3.2,3.8,6.8,1.5,0.5,3.1,foxde01,PG,12.4,6.6,0.532258064516129
Khris Middleton,7.6,15.3,49.7,2.4,5.7,41.5,3.4,3.7,91.6,0.7,5.5,6.2,4.3,0.9,0.1,2.2,middlkh01,SG,9.600000000000001,5.199999999999999,0.5416666666666665
Collin Sexton,7.9,16.7,47.2,1.5,3.9,38.0,3.5,4.1,84.6,0.9,2.2,3.1,3.0,1.0,0.1,2.4,sextoco01,PG,12.799999999999999,6.4,0.5000000000000001
Spencer Dinwiddie,6.6,16.0,41.5,1.9,6.3,30.8,5.4,7.0,77.8,0.5,3.0,3.5,6.8,0.6,0.3,2.7,dinwisp01,PG,9.7,4.699999999999999,0.48453608247422675
Kemba Walker,6.8,15.9,42.5,3.2,8.4,38.1,3.7,4.3,86.4,0.6,3.2,3.9,4.8,0.9,0.5,2.1,walkeke02,PG,7.5,3.5999999999999996,0.4799999999999999
Kristaps Porzingis,7.0,16.4,42.7,2.5,7.1,35.2,4.0,5.0,79.9,1.8,7.7,9.5,1.8,0.7,2.0,1.6,porzikr01,C,9.299999999999999,4.5,0.48387096774193555
Jaylen Brown,7.5,15.6,48.1,2.3,5.9,38.2,3.1,4.3,72.4,1.1,5.3,6.4,2.1,1.1,0.4,2.2,brownja02,SG,9.7,5.2,0.5360824742268042
Bojan Bogdanovic,6.6,14.8,44.7,3.0,7.3,41.4,4.0,4.4,90.3,0.6,3.5,4.1,2.1,0.5,0.1,2.5,bogdabo02,SF,7.500000000000001,3.5999999999999996,0.47999999999999987
Jimmy Butler,5.9,13.1,45.5,0.5,2.1,24.4,7.6,9.1,83.4,1.8,4.8,6.7,6.0,1.8,0.6,2.2,butleji01,SG,11.0,5.4,0.49090909090909096
Nikola Jokic,7.7,14.7,52.8,1.1,3.5,31.4,3.4,4.1,81.7,2.3,7.5,9.7,7.0,1.2,0.6,3.1,jokicni01,C,11.2,6.6,0.5892857142857143
T.J. Warren,8.0,14.9,53.6,1.4,3.4,40.3,2.5,3.0,81.9,1.0,3.2,4.2,1.5,1.2,0.5,1.3,warretj01,SF,11.5,6.6,0.5739130434782609
Tobias Harris,7.7,16.3,47.1,1.8,5.0,36.7,2.4,3.0,80.6,1.0,5.9,6.9,3.2,0.7,0.6,1.4,harrito02,SF-PF,11.3,5.9,0.5221238938053098
Nikola Vucevic,8.0,16.7,47.7,1.6,4.7,33.9,2.1,2.7,78.4,2.3,8.6,10.9,3.6,0.9,0.8,1.4,vucevni01,C,12.0,6.4,0.5333333333333333
Julius Randle,7.2,15.7,46.0,1.0,3.6,27.7,4.0,5.5,73.3,2.4,7.4,9.7,3.1,0.8,0.3,3.0,randlju01,PF,12.1,6.2,0.5123966942148761
Kyle Lowry,5.8,13.8,41.6,2.8,8.0,35.2,5.1,5.9,85.7,0.6,4.5,5.0,7.5,1.4,0.4,3.1,lowryky01,PG,5.800000000000001,3.0,0.5172413793103448
Buddy Hield,6.9,16.1,42.9,3.8,9.6,39.4,1.6,1.9,84.6,0.8,3.8,4.6,3.0,0.9,0.2,2.3,hieldbu01,SG,6.500000000000002,3.1000000000000005,0.4769230769230769
Jrue Holiday,7.5,16.5,45.5,2.0,5.7,35.3,2.1,3.0,70.9,1.3,3.5,4.8,6.7,1.6,0.8,3.0,holidjr01,SG,10.8,5.5,0.5092592592592592
Shai Gilgeous-Alexander,6.8,14.5,47.1,1.2,3.6,34.7,4.1,5.1,80.7,0.7,5.2,5.9,3.3,1.1,0.7,1.9,gilgesh01,SG,10.9,5.6,0.5137614678899082
Dennis Schroder,7.0,14.8,46.9,1.9,5.0,38.5,3.0,3.6,83.9,0.3,3.3,3.6,4.0,0.7,0.2,2.6,schrode01,SG,9.8,5.1,0.520408163265306
LaMarcus Aldridge,7.4,15.0,49.3,1.2,3.0,38.9,3.0,3.6,82.7,1.9,5.5,7.4,2.4,0.7,1.6,1.4,aldrila01,PF,12.0,6.2,0.5166666666666667
Danilo Gallinari,5.8,13.2,43.8,2.9,7.1,40.5,4.3,4.8,89.3,0.5,4.6,5.2,1.9,0.7,0.1,1.2,gallida01,SF,6.1,2.9,0.4754098360655738
Kelly Oubre Jr.,6.7,14.8,45.2,1.9,5.5,35.2,3.4,4.4,78.0,1.2,5.3,6.4,1.5,1.3,0.7,1.5,oubreke01,SF,9.3,4.800000000000001,0.5161290322580645
Montrezl Harrell,7.5,12.9,58.0,0.0,0.3,0.0,3.7,5.6,65.8,2.6,4.5,7.1,1.7,0.6,1.1,1.7,harremo01,C,12.6,7.5,0.5952380952380952
Domantas Sabonis,7.4,13.7,54.0,0.3,1.1,25.4,3.5,4.8,72.3,3.0,9.4,12.4,5.0,0.8,0.5,2.7,sabondo01,PF,12.6,7.1000000000000005,0.5634920634920636
Evan Fournier,6.6,14.1,46.7,2.6,6.6,39.9,2.7,3.3,81.8,0.3,2.3,2.6,3.2,1.1,0.2,1.9,fournev01,SG,7.5,3.9999999999999996,0.5333333333333333
Jamal Murray,6.9,15.2,45.6,1.9,5.5,34.6,2.8,3.1,88.1,0.8,3.2,4.0,4.8,1.1,0.3,2.2,murraja01,SG,9.7,5.0,0.5154639175257733
Lou Williams,6.0,14.4,41.8,1.7,4.8,35.2,4.5,5.2,86.1,0.5,2.6,3.1,5.6,0.7,0.2,2.8,willilo02,SG,9.600000000000001,4.3,0.4479166666666666
Devonte' Graham,5.8,15.3,38.2,3.5,9.3,37.3,3.0,3.7,82.0,0.7,2.7,3.4,7.5,1.0,0.2,2.9,grahade01,PG,6.0,2.3,0.3833333333333333
Derrick Rose,7.4,15.1,49.0,0.9,2.9,30.6,2.4,2.8,87.1,0.5,1.9,2.4,5.6,0.8,0.3,2.5,rosede01,PG,12.2,6.5,0.5327868852459017
Terry Rozier,6.3,14.9,42.3,2.7,6.7,40.7,2.6,3.0,87.4,0.8,3.6,4.4,4.1,1.0,0.2,2.2,roziete01,PG,8.2,3.5999999999999996,0.43902439024390244
Ja Morant,6.7,14.0,47.7,0.9,2.7,33.5,3.6,4.6,77.6,0.8,3.1,3.9,7.3,0.9,0.3,3.3,moranja01,PG,11.3,5.8,0.5132743362831858
Andre Drummond,7.3,13.8,53.3,0.1,0.6,14.3,3.0,5.2,57.5,4.4,10.8,15.2,2.7,1.9,1.6,3.6,drumman01,C,13.200000000000001,7.2,0.5454545454545454
Fred VanVleet,5.9,14.3,41.3,2.7,6.9,39.0,3.1,3.7,84.8,0.3,3.4,3.8,6.6,1.9,0.3,2.2,vanvlfr01,SG,7.4,3.2,0.43243243243243246
Kevin Love,5.8,13.0,45.0,2.6,7.0,37.4,3.3,3.9,85.4,1.0,8.8,9.8,3.2,0.6,0.3,2.5,loveke01,PF,6.0,3.1999999999999997,0.5333333333333333
Chris Paul,6.2,12.7,48.9,1.6,4.3,36.5,3.6,4.0,90.7,0.4,4.6,5.0,6.7,1.6,0.2,2.3,paulch01,PG,8.399999999999999,4.6,0.5476190476190477
Gordon Hayward,6.7,13.5,50.0,1.6,4.3,38.3,2.4,2.8,85.5,1.1,5.6,6.7,4.1,0.7,0.4,1.8,haywago01,SF,9.2,5.1,0.5543478260869565
Jaren Jackson Jr.,6.2,13.2,46.9,2.5,6.5,39.4,2.4,3.3,74.7,1.0,3.6,4.6,1.4,0.7,1.6,1.7,jacksja02,PF,6.699999999999999,3.7,0.5522388059701493
Marcus Morris Sr.,5.7,13.1,43.8,2.3,5.6,40.8,2.9,3.5,82.3,1.0,4.1,5.0,1.4,0.8,0.5,1.6,morrima03,SF-PF,7.5,3.4000000000000004,0.45333333333333337
Malcolm Brogdon,6.0,13.8,43.8,1.4,4.3,32.6,3.1,3.4,89.2,0.9,4.0,4.9,7.1,0.6,0.2,2.4,brogdma01,SG,9.5,4.6,0.4842105263157894
Ben Simmons,6.6,11.4,58.0,0.0,0.1,28.6,3.2,5.2,62.1,2.0,5.8,7.8,8.0,2.1,0.6,3.5,simmobe01,PG,11.3,6.6,0.5840707964601769
Dillon Brooks,6.0,14.6,40.7,2.0,5.6,35.8,2.2,2.8,80.8,0.9,2.4,3.3,2.1,0.9,0.4,1.7,brookdi01,SG,9.0,4.0,0.4444444444444444
Goran Dragic,5.4,12.3,44.1,2.1,5.7,36.7,3.2,4.2,77.6,0.5,2.7,3.2,5.1,0.7,0.2,2.4,dragigo01,PG,6.6000000000000005,3.3000000000000003,0.5
Norman Powell,5.7,11.5,49.5,2.1,5.3,39.9,2.5,2.9,84.3,0.5,3.2,3.7,1.8,1.2,0.4,1.5,powelno01,SG,6.2,3.6,0.5806451612903226
Bam Adebayo,6.1,11.0,55.7,0.0,0.2,14.3,3.7,5.3,69.1,2.4,7.8,10.2,5.1,1.1,1.3,2.8,adebaba01,PF,10.8,6.1,0.5648148148148148
Tim Hardaway Jr.,5.4,12.5,43.4,2.9,7.2,39.8,2.1,2.6,81.9,0.4,2.9,3.3,1.9,0.6,0.1,1.0,hardati02,SG,5.3,2.5000000000000004,0.4716981132075473
Hassan Whiteside,6.5,10.5,62.1,0.1,0.1,57.1,2.4,3.6,68.6,3.9,9.7,13.5,1.2,0.4,2.9,1.8,whiteha01,C,10.4,6.4,0.6153846153846154
Davis Bertans,4.9,11.3,43.4,3.7,8.7,42.4,1.9,2.3,85.2,0.6,3.9,4.5,1.7,0.7,0.6,1.1,bertada01,PF,2.6000000000000014,1.2000000000000002,0.46153846153846134
Carmelo Anthony,5.8,13.5,43.0,1.5,3.9,38.5,2.3,2.8,84.5,1.2,5.1,6.3,1.5,0.8,0.5,1.7,anthoca01,SF,9.6,4.3,0.4479166666666667
Serge Ibaka,6.2,12.2,51.2,1.3,3.3,38.5,1.6,2.3,71.8,2.1,6.1,8.2,1.4,0.5,0.8,2.0,ibakase01,PF,8.899999999999999,4.9,0.5505617977528091
Kendrick Nunn,6.0,13.6,43.9,2.0,5.8,35.0,1.3,1.5,85.0,0.3,2.4,2.7,3.3,0.8,0.2,1.7,nunnke01,PG,7.8,4.0,0.5128205128205129
JJ Redick,4.8,10.5,45.3,3.0,6.6,45.3,2.8,3.1,89.2,0.2,2.4,2.5,2.0,0.3,0.2,1.3,redicjj01,SG,3.9000000000000004,1.7999999999999998,0.46153846153846145
Jordan Clarkson,5.5,12.2,45.4,2.1,5.8,36.8,1.9,2.3,83.6,0.7,1.9,2.6,1.9,0.6,0.2,1.4,clarkjo01,SG,6.3999999999999995,3.4,0.53125
Bogdan Bogdanovic,5.5,12.6,44.0,2.7,7.2,37.2,1.4,1.9,74.1,0.4,3.0,3.4,3.4,1.0,0.2,1.7,bogdabo01,SG,5.3999999999999995,2.8,0.5185185185185185
Rudy Gobert,5.7,8.2,69.3,0.0,0.0,0.0,3.7,5.9,63.0,3.4,10.1,13.5,1.5,0.8,2.0,1.9,goberru01,C,8.2,5.7,0.6951219512195123
Will Barton,5.7,12.7,45.0,1.9,5.0,37.5,1.8,2.3,76.7,1.3,5.0,6.3,3.7,1.1,0.5,1.5,bartowi01,SG,7.699999999999999,3.8000000000000003,0.49350649350649356
Alec Burks,4.9,11.6,41.8,1.8,4.6,38.5,3.6,4.0,88.7,0.7,3.5,4.3,2.9,0.9,0.3,1.4,burksal01,SG,7.0,3.1000000000000005,0.44285714285714295
Eric Bledsoe,5.5,11.5,47.5,1.2,3.5,34.4,2.8,3.5,79.0,0.7,3.9,4.6,5.4,0.9,0.4,2.4,bledser01,PG,8.0,4.3,0.5375
Jonas Valanciunas,6.2,10.6,58.5,0.5,1.3,35.2,2.1,2.9,74.0,3.0,8.2,11.3,1.9,0.4,1.1,1.8,valanjo01,C,9.299999999999999,5.7,0.6129032258064517
Lauri Markkanen,5.0,11.8,42.5,2.2,6.3,34.4,2.5,3.1,82.4,1.2,5.1,6.3,1.5,0.8,0.5,1.6,markkla01,PF,5.500000000000001,2.8,0.5090909090909089
Terrence Ross,4.9,12.3,40.3,2.6,7.3,35.1,2.3,2.7,85.3,0.2,3.0,3.2,1.2,1.1,0.3,1.0,rosste01,SG,5.000000000000001,2.3000000000000003,0.45999999999999996
Harrison Barnes,5.1,11.0,46.0,1.4,3.7,38.1,3.0,3.7,80.1,1.1,3.9,4.9,2.2,0.6,0.2,1.2,barneha02,SF,7.3,3.6999999999999997,0.5068493150684932
Joe Harris,5.5,11.4,48.6,2.5,5.9,42.4,0.9,1.3,71.9,0.9,3.4,4.3,2.1,0.6,0.2,1.5,harrijo01,SG,5.5,3.0,0.5454545454545454
Aaron Gordon,5.4,12.4,43.7,1.2,3.8,30.8,2.4,3.6,67.4,1.7,5.9,7.7,3.7,0.8,0.6,1.6,gordoaa01,SF,8.600000000000001,4.2,0.48837209302325574
RJ Barrett,5.2,13.0,40.2,1.1,3.5,32.0,2.8,4.5,61.4,0.9,4.1,5.0,2.6,1.0,0.3,2.2,barrerj01,SG,9.5,4.1,0.431578947368421
Eric Paschall,5.3,10.7,49.7,0.6,2.2,28.7,2.7,3.5,77.4,1.4,3.2,4.6,2.1,0.5,0.2,1.6,pascher01,PF,8.5,4.7,0.5529411764705883
Josh Richardson,5.1,11.7,43.0,1.5,4.5,34.1,2.1,2.6,80.9,0.7,2.4,3.2,2.9,0.9,0.7,1.9,richajo01,SG,7.199999999999999,3.5999999999999996,0.5
Tyler Herro,4.9,11.5,42.8,2.1,5.4,38.9,1.6,1.8,87.0,0.3,3.8,4.1,2.2,0.6,0.2,1.6,herroty01,SG,6.1,2.8000000000000003,0.459016393442623
Duncan Robinson,4.4,9.4,47.0,3.7,8.3,44.6,0.9,1.0,93.1,0.1,3.0,3.2,1.4,0.5,0.3,1.0,robindu01,SG,1.0999999999999996,0.7000000000000002,0.6363636363636367
Coby White,4.8,12.2,39.4,2.0,5.8,35.4,1.6,2.0,79.1,0.4,3.1,3.5,2.7,0.8,0.1,1.7,whiteco01,PG,6.3999999999999995,2.8,0.4375
Christian Wood,4.6,8.2,56.7,0.9,2.3,38.6,2.9,3.9,74.4,1.7,4.6,6.3,1.0,0.5,0.9,1.4,woodch01,PF,5.8999999999999995,3.6999999999999997,0.6271186440677966
Ricky Rubio,4.4,10.6,41.5,1.2,3.3,36.1,3.0,3.5,86.3,0.7,4.0,4.7,8.8,1.4,0.2,2.7,rubiori01,PG,7.3,3.2,0.4383561643835617
Miles Bridges,4.9,11.6,42.4,1.5,4.6,33.0,1.6,2.0,80.9,1.4,4.2,5.6,1.8,0.6,0.7,1.5,bridgmi02,SF,7.0,3.4000000000000004,0.48571428571428577
Marcus Smart,4.3,11.4,37.5,2.3,6.6,34.7,2.1,2.5,83.6,0.7,3.1,3.8,4.9,1.7,0.5,1.7,smartma01,SG,4.800000000000001,2.0,0.41666666666666663
Kyle Kuzma,4.8,11.0,43.6,1.4,4.5,31.6,1.9,2.5,73.5,0.9,3.6,4.5,1.3,0.5,0.4,1.5,kuzmaky01,PF,6.5,3.4,0.5230769230769231
Damion Lee,4.3,10.4,41.7,1.7,4.9,35.6,2.2,2.6,87.3,0.7,4.2,4.9,2.7,1.0,0.1,1.4,leeda03,SG,5.5,2.5999999999999996,0.47272727272727266
Robert Covington,4.4,10.3,42.2,2.3,6.9,33.5,1.4,1.8,79.8,0.9,5.7,6.6,1.3,1.6,1.3,1.5,covinro01,SF,3.4000000000000004,2.1000000000000005,0.6176470588235295
Seth Curry,4.4,9.0,49.5,2.3,5.0,45.2,1.3,1.5,82.5,0.4,1.8,2.3,1.9,0.6,0.1,1.0,curryse01,SG,4.0,2.1000000000000005,0.5250000000000001
De'Andre Hunter,4.4,10.8,41.0,1.7,4.8,35.5,1.7,2.3,76.4,0.7,3.8,4.5,1.8,0.7,0.3,1.6,huntede01,SF,6.000000000000001,2.7,0.44999999999999996
Darius Garland,4.7,11.8,40.1,1.8,5.0,35.5,1.1,1.2,87.5,0.5,1.4,1.9,3.9,0.7,0.1,2.6,garlada01,SG,6.800000000000001,2.9000000000000004,0.4264705882352941
P.J. Washington,4.6,10.2,45.5,1.5,4.0,37.4,1.5,2.3,64.7,1.0,4.4,5.4,2.1,0.9,0.8,1.6,washipj01,PF,6.199999999999999,3.0999999999999996,0.5
Kevin Huerter,4.5,10.9,41.3,2.3,6.0,38.0,0.9,1.1,82.8,0.6,3.4,4.1,3.8,0.9,0.5,1.6,huertke01,SG,4.9,2.2,0.4489795918367347
Markelle Fultz,5.0,10.7,46.5,0.5,1.9,26.7,1.6,2.2,73.0,0.6,2.7,3.3,5.1,1.3,0.2,2.0,fultzma01,SG,8.799999999999999,4.5,0.5113636363636365
Myles Turner,4.3,9.5,45.7,1.4,4.0,34.4,2.0,2.7,75.1,1.4,5.2,6.6,1.2,0.7,2.1,1.4,turnemy01,C,5.5,2.9,0.5272727272727272
Taurean Prince,4.3,11.5,37.6,2.3,6.7,33.9,1.1,1.4,79.8,0.8,5.2,6.0,1.8,0.9,0.4,2.0,princta02,SF,4.8,2.0,0.4166666666666667
Brandon Clarke,5.1,8.3,61.8,0.4,1.1,35.9,1.5,1.9,75.9,1.6,4.4,5.9,1.4,0.6,0.8,0.9,clarkbr01,PF,7.200000000000001,4.699999999999999,0.6527777777777776
Tristan Thompson,5.1,9.9,51.2,0.2,0.4,39.1,1.7,2.8,61.5,4.0,6.2,10.1,2.1,0.6,0.9,1.8,thomptr01,PF,9.5,4.8999999999999995,0.5157894736842105
Jerami Grant,4.3,8.9,47.8,1.4,3.5,38.9,2.1,2.8,75.0,0.8,2.7,3.5,1.2,0.7,0.8,0.9,grantje01,SF,5.4,2.9,0.537037037037037
Brook Lopez,4.3,9.9,43.5,1.5,4.8,31.4,1.9,2.2,83.6,0.9,3.7,4.6,1.5,0.7,2.4,1.0,lopezbr01,C,5.1000000000000005,2.8,0.5490196078431372
Al Horford,4.8,10.6,45.0,1.5,4.2,35.0,0.9,1.2,76.3,1.5,5.3,6.8,4.0,0.8,0.9,1.2,horfoal01,C,6.3999999999999995,3.3,0.515625
Lonzo Ball,4.4,10.9,40.3,2.3,6.3,37.5,0.7,1.2,56.6,1.1,5.0,6.1,7.0,1.4,0.6,3.1,balllo01,PG,4.6000000000000005,2.1000000000000005,0.45652173913043487
Glenn Robinson III,4.6,9.5,48.6,1.2,3.2,39.1,1.2,1.4,86.0,1.3,3.0,4.4,1.5,0.9,0.3,0.9,robingl02,SG-SF,6.3,3.3999999999999995,0.5396825396825397
Patty Mills,3.9,9.1,43.1,2.3,6.1,38.2,1.5,1.7,86.6,0.3,1.3,1.6,1.8,0.8,0.1,0.8,millspa02,PG,3.0,1.6,0.5333333333333333
Nemanja Bjelica,4.4,9.1,48.1,1.9,4.4,41.9,1.0,1.2,82.1,1.5,4.8,6.4,2.8,0.9,0.6,1.4,bjeline01,PF,4.699999999999999,2.5000000000000004,0.5319148936170215
Derrick White,3.7,8.1,45.8,1.2,3.2,36.6,2.6,3.1,85.3,0.5,2.8,3.3,3.5,0.6,0.9,1.3,whitede01,SG,4.8999999999999995,2.5,0.5102040816326531
Bryn Forbes,3.8,9.2,41.7,2.3,6.0,38.8,1.2,1.4,83.3,0.2,1.8,2.0,1.7,0.5,0.0,0.9,forbebr01,SG,3.1999999999999993,1.5,0.4687500000000001
Malik Beasley,4.1,9.7,42.5,1.9,5.0,38.8,1.0,1.2,81.8,0.3,2.4,2.7,1.4,0.7,0.1,1.0,beaslma01,SG,4.699999999999999,2.1999999999999997,0.46808510638297873
Jarrett Allen,4.3,6.6,64.9,0.0,0.1,0.0,2.4,3.9,63.3,3.1,6.5,9.6,1.6,0.6,1.3,1.1,allenja01,C,6.5,4.3,0.6615384615384615
Cody Zeller,4.3,8.3,52.4,0.3,1.3,24.0,2.1,3.1,68.2,2.8,4.3,7.1,1.5,0.7,0.4,1.3,zelleco01,C,7.000000000000001,4.0,0.5714285714285714
Cedi Osman,4.1,9.4,43.7,1.9,4.9,38.3,1.0,1.4,67.0,0.6,3.0,3.6,2.4,0.8,0.2,1.4,osmande01,SF,4.5,2.1999999999999997,0.4888888888888888
Dejounte Murray,4.5,9.7,46.2,0.6,1.7,36.9,1.4,1.7,79.8,1.0,4.8,5.8,4.1,1.7,0.3,1.9,murrade01,PG,7.999999999999999,3.9,0.48750000000000004
Ish Smith,4.5,10.1,44.7,0.9,2.5,36.7,0.9,1.3,72.1,0.4,2.8,3.2,4.9,0.9,0.4,1.4,smithis01,PG,7.6,3.6,0.4736842105263158
Jeff Teague,3.6,8.3,43.6,0.7,2.0,36.8,2.9,3.3,87.3,0.5,1.9,2.4,5.2,0.7,0.3,2.0,teaguje01,PG,6.300000000000001,2.9000000000000004,0.46031746031746035
Steven Adams,4.5,7.6,59.2,0.0,0.0,33.3,1.9,3.2,58.2,3.3,6.0,9.3,2.3,0.8,1.1,1.5,adamsst01,C,7.6,4.5,0.5921052631578948
Rudy Gay,4.0,8.9,44.6,1.1,3.3,33.6,1.8,2.0,88.2,0.9,4.5,5.4,1.7,0.5,0.5,1.3,gayru01,SF,5.6000000000000005,2.9,0.5178571428571428
Dario Saric,3.9,8.2,47.6,1.3,3.6,35.7,1.6,1.9,84.4,1.5,4.6,6.2,1.9,0.6,0.2,1.3,saricda01,PF,4.6,2.5999999999999996,0.5652173913043478
OG Anunoby,4.1,8.2,50.5,1.3,3.3,39.0,1.0,1.5,70.6,1.2,4.1,5.3,1.6,1.4,0.7,1.1,anunoog01,SF,4.8999999999999995,2.8,0.5714285714285715
Jae Crowder,3.5,8.7,40.1,2.1,6.1,34.3,1.5,1.9,77.6,0.8,5.1,5.9,2.5,1.1,0.4,1.1,crowdja01,SF-PF,2.5999999999999996,1.4,0.5384615384615385
Cam Reddish,3.7,9.6,38.4,1.4,4.3,33.2,1.7,2.2,80.2,0.6,3.1,3.7,1.5,1.1,0.5,1.7,reddica01,SF,5.3,2.3000000000000003,0.43396226415094347
D.J. Augustin,3.2,8.1,39.9,1.2,3.5,34.8,2.8,3.2,89.0,0.4,1.8,2.1,4.6,0.6,0.0,1.5,augusdj01,PG,4.6,2.0,0.4347826086956522
Danuel House Jr.,3.7,8.6,42.7,2.0,5.6,36.3,1.2,1.4,81.1,0.9,3.3,4.2,1.3,1.1,0.5,0.9,houseda01,SF,3.0,1.7000000000000002,0.5666666666666668
Troy Brown Jr.,4.0,9.0,43.9,0.9,2.6,34.1,1.6,2.0,78.4,1.1,4.4,5.6,2.6,1.2,0.1,1.1,browntr01,SF,6.4,3.1,0.484375
Gary Harris,3.9,9.3,42.0,1.3,3.8,33.3,1.3,1.6,81.5,0.5,2.4,2.9,2.1,1.4,0.3,1.1,harriga01,SG,5.500000000000001,2.5999999999999996,0.4727272727272726
Garrett Temple,3.6,9.5,37.8,2.0,6.2,32.9,1.1,1.4,80.5,0.5,3.0,3.5,2.5,0.8,0.5,1.0,templga01,SG,3.3,1.6,0.4848484848484849
Shabazz Napier,3.4,8.1,41.2,1.4,4.3,31.7,2.3,2.7,82.4,0.5,2.4,2.8,4.7,1.2,0.2,2.3,napiesh01,PG,3.8,2.0,0.5263157894736842
Thaddeus Young,4.2,9.4,44.8,1.2,3.5,35.6,0.7,1.1,58.3,1.5,3.5,4.9,1.8,1.4,0.4,1.6,youngth01,PF,5.9,3.0,0.5084745762711864
Doug McDermott,3.9,7.9,48.8,1.9,4.3,43.5,0.7,0.8,82.8,0.4,2.1,2.5,1.1,0.2,0.1,0.6,mcderdo01,SF,3.6000000000000005,2.0,0.5555555555555555
Langston Galloway,3.6,8.2,43.5,2.0,5.0,39.9,1.1,1.3,85.9,0.5,1.8,2.3,1.5,0.7,0.2,0.6,gallola01,SG,3.1999999999999993,1.6,0.5000000000000001
Malik Monk,3.9,8.9,43.4,1.1,3.7,28.4,1.5,1.8,82.0,0.5,2.4,2.9,2.1,0.5,0.3,1.4,monkma01,SG,5.2,2.8,0.5384615384615384
Bobby Portis,4.0,8.9,45.0,1.0,2.8,35.8,1.1,1.4,76.3,1.2,3.9,5.1,1.5,0.5,0.3,1.1,portibo01,PF,6.1000000000000005,3.0,0.4918032786885245
Josh Hart,3.5,8.2,42.3,1.9,5.4,34.2,1.3,1.8,73.9,0.9,5.6,6.5,1.7,1.0,0.4,1.2,hartjo01,SG,2.799999999999999,1.6,0.5714285714285717
Larry Nance Jr.,4.1,7.7,53.1,1.0,2.8,35.2,0.9,1.3,67.6,1.9,5.4,7.3,2.2,1.0,0.4,1.1,nancela02,PF,4.9,3.0999999999999996,0.6326530612244897
Ben McLemore,3.4,7.7,44.4,2.5,6.4,40.0,0.7,0.9,74.6,0.3,1.9,2.2,0.8,0.6,0.2,0.7,mclembe01,SG,1.2999999999999998,0.8999999999999999,0.6923076923076923
Kevin Porter Jr.,3.7,8.4,44.2,1.1,3.2,33.5,1.5,2.0,72.3,0.4,2.8,3.2,2.2,0.9,0.3,1.9,porteke02,SF,5.2,2.6,0.5
Tomas Satoransky,3.6,8.5,43.0,1.0,3.1,32.2,1.6,1.9,87.6,1.2,2.7,3.9,5.4,1.2,0.1,2.0,satorto01,SG,5.4,2.6,0.48148148148148145
Joe Ingles,3.4,7.7,44.5,2.0,4.9,39.9,1.0,1.3,78.7,0.4,3.5,3.9,5.2,0.9,0.2,2.0,inglejo01,SF,2.8,1.4,0.5
Furkan Korkmaz,3.4,7.8,43.0,2.0,4.9,40.2,1.1,1.4,75.5,0.3,2.1,2.3,1.1,0.6,0.2,0.8,korkmfu01,SG,2.8999999999999995,1.4,0.48275862068965525
Mitchell Robinson,4.1,5.6,74.2,0.0,0.0,0.0,1.4,2.4,56.8,3.0,4.0,7.0,0.6,0.9,2.0,0.6,robinmi01,C,5.6,4.1,0.7321428571428571
Markieff Morris,3.5,7.9,44.3,1.5,3.9,38.6,1.1,1.5,77.6,0.7,3.1,3.8,1.3,0.5,0.3,1.3,morrima02,PF,4.0,2.0,0.5
Dorian Finney-Smith,3.4,7.4,46.6,1.6,4.3,37.6,1.1,1.5,72.2,2.0,3.7,5.7,1.6,0.6,0.5,1.0,finnedo01,SF,3.1000000000000005,1.7999999999999998,0.5806451612903224
Aaron Holiday,3.5,8.5,41.4,1.3,3.3,39.4,1.1,1.3,85.1,0.3,2.0,2.4,3.4,0.8,0.2,1.3,holidaa01,PG,5.2,2.2,0.4230769230769231
George Hill,3.3,6.4,51.6,1.4,3.0,46.0,1.4,1.7,84.2,0.8,2.2,3.0,3.1,0.8,0.1,1.0,hillge01,PG,3.4000000000000004,1.9,0.5588235294117646
Kentavious Caldwell-Pope,3.4,7.3,46.7,1.3,3.5,38.5,1.1,1.5,77.5,0.6,1.5,2.1,1.6,0.8,0.2,0.9,caldwke01,SG,3.8,2.0999999999999996,0.5526315789473684
Michael Porter Jr.,3.5,7.0,50.9,1.1,2.7,42.2,1.1,1.3,83.3,1.2,3.5,4.7,0.8,0.5,0.5,0.9,portemi01,SF,4.3,2.4,0.5581395348837209
Marquese Chriss,3.6,6.5,54.5,0.1,0.7,20.5,2.0,2.6,76.9,1.9,4.3,6.2,1.9,0.7,1.1,1.3,chrisma01,PF,5.8,3.5,0.603448275862069
Landry Shamet,3.0,7.4,40.4,2.1,5.6,37.5,1.2,1.4,85.5,0.1,1.8,1.9,1.9,0.4,0.2,0.8,shamela01,SG,1.8000000000000007,0.8999999999999999,0.4999999999999998
Daniel Theis,3.7,6.6,56.6,0.5,1.5,33.3,1.3,1.8,76.3,2.2,4.4,6.6,1.7,0.6,1.3,0.8,theisda01,C,5.1,3.2,0.627450980392157
Donte DiVincenzo,3.5,7.7,45.5,1.3,3.7,33.6,1.0,1.3,73.3,1.0,3.8,4.8,2.3,1.3,0.3,1.4,divindo01,SG,4.0,2.2,0.55
Jarrett Culver,3.7,9.0,40.4,1.0,3.5,29.9,0.9,1.9,46.2,1.1,2.3,3.4,1.7,0.9,0.6,1.3,culveja01,SG,5.5,2.7,0.49090909090909096
Mikal Bridges,3.4,6.6,51.0,1.0,2.7,36.1,1.4,1.7,84.4,0.9,3.1,4.0,1.8,1.4,0.6,1.0,bridgmi01,SF,3.8999999999999995,2.4,0.6153846153846154
Maxi Kleber,3.2,6.9,46.1,1.6,4.3,37.3,1.1,1.3,84.9,1.5,3.7,5.2,1.2,0.3,1.1,0.8,klebima01,PF,2.6000000000000005,1.6,0.6153846153846153
Monte Morris,3.6,7.8,45.9,0.9,2.4,37.8,1.0,1.2,84.3,0.3,1.5,1.9,3.5,0.8,0.2,0.7,morrimo01,PG,5.4,2.7,0.5
Derrick Favors,4.1,6.6,61.7,0.0,0.1,14.3,0.8,1.4,56.3,3.2,6.6,9.8,1.6,0.6,0.9,1.1,favorde01,PF,6.5,4.1,0.6307692307692307
Svi Mykhailiuk,3.0,7.2,41.0,2.1,5.1,40.4,1.0,1.3,81.4,0.3,1.6,1.9,1.9,0.7,0.1,1.1,mykhasv01,SF,2.1000000000000005,0.8999999999999999,0.42857142857142844
Bruce Brown,3.4,7.7,44.3,0.6,1.7,34.4,1.5,2.1,73.9,1.1,3.7,4.7,4.0,1.1,0.5,1.7,brownbr01,SG,6.0,2.8,0.4666666666666666
Gary Trent Jr.,3.2,7.2,44.4,1.8,4.4,41.8,0.6,0.7,82.2,0.4,1.2,1.6,1.0,0.8,0.3,0.3,trentga02,SG,2.8,1.4000000000000001,0.5000000000000001
Cameron Johnson,3.1,7.1,43.5,1.9,4.8,39.0,0.8,1.0,80.7,0.9,2.4,3.3,1.2,0.6,0.4,0.6,johnsca02,PF,2.3,1.2000000000000002,0.5217391304347827
Jordan Poole,2.9,8.8,33.3,1.3,4.6,27.9,1.7,2.1,79.8,0.2,1.9,2.1,2.4,0.6,0.2,1.3,poolejo01,SG,4.200000000000001,1.5999999999999999,0.3809523809523808
Kent Bazemore,2.9,7.9,37.5,1.2,3.6,34.4,1.7,2.2,76.9,0.4,3.9,4.3,1.4,1.1,0.6,1.3,bazemke01,SG,4.300000000000001,1.7,0.39534883720930225
Austin Rivers,3.1,7.4,42.1,1.4,4.0,35.6,1.1,1.6,70.3,0.4,2.2,2.6,1.7,0.7,0.1,0.7,riverau01,SG,3.4000000000000004,1.7000000000000002,0.5
Josh Okogie,2.7,6.4,42.7,0.7,2.5,26.6,2.5,3.1,79.6,1.4,2.9,4.3,1.6,1.1,0.4,1.4,okogijo01,SG,3.9000000000000004,2.0,0.5128205128205128
Derrick Jones Jr.,3.1,5.9,52.7,0.6,2.2,28.0,1.6,2.1,77.2,1.1,2.8,3.9,1.1,1.0,0.6,0.5,jonesde02,SF,3.7,2.5,0.6756756756756757
E'Twaun Moore,3.3,7.8,42.6,1.1,3.0,37.7,0.6,0.8,68.9,0.6,1.8,2.3,1.4,0.6,0.2,0.7,mooreet01,SG,4.8,2.1999999999999997,0.4583333333333333
DeAndre Jordan,3.4,5.1,66.6,0.0,0.0,0.0,1.5,2.2,68.0,2.5,7.5,10.0,1.9,0.3,0.9,1.3,jordade01,C,5.1,3.4,0.6666666666666667
Ivica Zubac,3.3,5.3,61.3,0.0,0.0,0.0,1.7,2.3,74.7,2.7,4.8,7.5,1.1,0.2,0.9,0.8,zubaciv01,C,5.3,3.3,0.6226415094339622
Anfernee Simons,3.1,7.7,39.9,1.1,3.2,33.2,1.1,1.3,82.6,0.4,1.8,2.2,1.4,0.4,0.1,0.9,simonan01,SG,4.5,2.0,0.4444444444444444
Justin Holiday,2.8,6.7,42.8,1.8,4.5,40.5,0.7,0.9,79.1,0.4,2.8,3.3,1.3,1.2,0.6,0.6,holidju01,SG,2.2,0.9999999999999998,0.4545454545454544
Kelly Olynyk,2.7,5.9,46.2,1.4,3.5,40.6,1.3,1.5,86.0,0.7,3.9,4.6,1.7,0.7,0.3,1.1,olynyke01,PF,2.4000000000000004,1.3000000000000003,0.5416666666666667
Jalen Brunson,3.2,6.8,46.6,0.8,2.1,35.8,1.1,1.3,81.3,0.4,2.0,2.4,3.3,0.4,0.1,1.2,brunsja01,PG,4.699999999999999,2.4000000000000004,0.5106382978723406
Enes Kanter,3.4,6.0,57.2,0.0,0.1,14.3,1.2,1.7,70.7,2.8,4.6,7.4,1.0,0.4,0.7,1.0,kanteen01,C,5.9,3.4,0.5762711864406779
Danny Green,2.9,7.0,41.6,1.8,4.8,36.7,0.5,0.7,68.8,0.8,2.6,3.3,1.3,1.3,0.5,0.9,greenda02,SG,2.2,1.0999999999999999,0.4999999999999999
Tony Snell,2.9,6.5,44.5,1.7,4.3,40.2,0.5,0.5,100.0,0.2,1.7,1.9,2.2,0.5,0.3,0.5,snellto01,SG,2.2,1.2,0.5454545454545454
Trevor Ariza,2.7,6.1,43.8,1.5,3.9,37.2,1.2,1.4,83.8,0.6,4.0,4.6,1.7,1.3,0.3,1.1,arizatr01,SF,2.1999999999999997,1.2000000000000002,0.5454545454545456
Alex Len,3.2,5.8,55.5,0.3,1.1,27.1,1.2,1.9,64.8,1.8,4.0,5.8,0.9,0.4,0.9,1.0,lenal01,C,4.699999999999999,2.9000000000000004,0.6170212765957448
Patrick Beverley,2.9,6.7,43.1,1.6,4.0,38.8,0.6,0.9,66.0,1.1,4.1,5.2,3.6,1.1,0.5,1.3,beverpa01,SG,2.7,1.2999999999999998,0.4814814814814814
De'Anthony Melton,2.7,6.7,40.1,0.7,2.3,28.6,1.6,2.0,76.9,0.7,3.0,3.7,2.9,1.3,0.3,1.4,meltode01,PG,4.4,2.0,0.45454545454545453
Omari Spellman,2.6,6.0,43.1,0.9,2.2,39.1,1.5,1.9,79.3,1.6,2.9,4.5,1.0,0.7,0.5,1.1,spellom01,PF,3.8,1.7000000000000002,0.44736842105263164
Terence Davis,2.8,6.1,45.6,1.3,3.4,38.8,0.7,0.8,86.4,0.7,2.6,3.3,1.6,0.5,0.2,1.1,daviste02,SG,2.6999999999999997,1.4999999999999998,0.5555555555555556
Dwight Howard,2.9,4.0,72.9,0.0,0.1,60.0,1.6,3.1,51.4,2.5,4.9,7.3,0.7,0.4,1.1,1.2,howardw01,C,3.9,2.9,0.7435897435897436
Tyus Jones,3.0,6.6,45.9,0.7,1.9,37.9,0.7,0.9,74.1,0.1,1.4,1.6,4.4,0.9,0.1,0.8,jonesty01,PG,4.699999999999999,2.3,0.4893617021276596
Bismack Biyombo,2.8,5.2,54.3,0.0,0.0,0.0,1.7,2.8,60.3,2.3,3.5,5.8,0.9,0.2,0.9,0.9,biyombi01,C,5.2,2.8,0.5384615384615384
Jaxson Hayes,2.7,4.0,67.2,0.0,0.1,25.0,1.9,3.0,64.7,1.5,2.5,4.0,0.9,0.4,0.9,0.8,hayesja02,C,3.9,2.7,0.6923076923076924
Wesley Matthews,2.5,6.3,39.6,1.6,4.4,36.4,0.8,1.0,76.5,0.3,2.1,2.5,1.4,0.6,0.1,0.6,matthwe02,SG,1.8999999999999995,0.8999999999999999,0.4736842105263159
Gorgui Dieng,2.6,5.8,45.6,0.9,2.4,35.5,1.2,1.6,77.2,1.4,4.2,5.6,1.2,0.8,0.9,1.0,dienggo01,PF,3.4,1.7000000000000002,0.5000000000000001
Nerlens Noel,3.0,4.4,68.4,0.0,0.0,33.3,1.3,1.7,75.5,1.5,3.4,4.9,0.9,1.0,1.5,1.1,noelne01,C,4.4,3.0,0.6818181818181818
Emmanuel Mudiay,2.8,6.1,46.2,0.6,1.6,34.5,1.2,1.5,75.9,0.3,2.0,2.3,2.1,0.4,0.2,1.4,mudiaem01,PG,4.5,2.1999999999999997,0.4888888888888888
Kris Dunn,3.0,6.7,44.4,0.6,2.2,25.9,0.8,1.1,74.1,0.5,3.2,3.6,3.4,2.0,0.3,1.3,dunnkr01,PG,4.5,2.4,0.5333333333333333
Willie Cauley-Stein,3.2,5.6,57.9,0.0,0.0,0.0,0.7,1.2,60.6,1.6,4.3,5.8,1.3,0.9,1.1,0.7,caulewi01,C,5.6,3.2,0.5714285714285715
Mason Plumlee,2.9,4.7,61.5,0.0,0.1,0.0,1.4,2.5,53.5,1.6,3.6,5.2,2.5,0.5,0.6,1.3,plumlma01,C,4.6000000000000005,2.9,0.6304347826086956
Rondae Hollis-Jefferson,2.6,5.5,47.1,0.1,0.4,13.0,1.8,2.4,73.4,1.8,2.9,4.7,1.8,0.8,0.4,1.0,holliro01,SF,5.1,2.5,0.4901960784313726
P.J. Tucker,2.5,5.9,41.5,1.5,4.2,35.8,0.5,0.7,81.3,1.6,5.1,6.6,1.6,1.1,0.5,1.0,tuckepj01,SG,1.7000000000000002,1.0,0.588235294117647
Delon Wright,2.6,5.6,46.2,0.6,1.7,37.0,1.1,1.4,77.0,1.0,2.9,3.8,3.3,1.2,0.3,1.0,wrighde01,PG,3.8999999999999995,2.0,0.5128205128205129
Brad Wanamaker,2.3,5.1,44.8,0.5,1.4,36.3,1.8,1.9,92.6,0.3,1.7,2.0,2.5,0.9,0.2,1.1,wanambr01,PG,3.6999999999999997,1.7999999999999998,0.48648648648648646
JaMychal Green,2.4,5.6,42.9,1.5,3.8,38.7,0.6,0.8,75.0,1.2,4.9,6.2,0.8,0.5,0.4,0.9,greenja01,PF,1.7999999999999998,0.8999999999999999,0.5
Damyean Dotson,2.5,6.0,41.4,1.2,3.4,36.2,0.5,0.7,66.7,0.2,1.7,1.9,1.2,0.5,0.1,0.4,dotsoda01,SG,2.6,1.3,0.5
Kyle Korver,2.2,5.1,43.0,1.7,4.1,41.8,0.6,0.7,85.4,0.3,1.8,2.1,1.2,0.4,0.2,0.8,korveky01,SG-PF,1.0,0.5000000000000002,0.5000000000000002
Chris Boucher,2.3,4.8,47.2,0.6,1.9,32.2,1.5,1.9,78.4,1.7,2.7,4.5,0.4,0.4,1.0,0.5,bouchch01,PF,2.9,1.6999999999999997,0.5862068965517241
Nicolo Melli,2.3,5.4,42.1,1.2,3.4,33.5,0.9,1.2,74.0,0.6,2.4,3.0,1.4,0.6,0.4,0.8,mellini01,C,2.0000000000000004,1.0999999999999999,0.5499999999999998
James Ennis III,2.3,5.2,44.6,0.8,2.4,32.5,1.1,1.4,80.6,1.0,2.5,3.6,0.9,0.5,0.3,0.8,ennisja01,SF-SG,2.8000000000000003,1.4999999999999998,0.5357142857142856
Ersan Ilyasova,2.3,5.0,46.6,0.8,2.2,36.5,1.1,1.4,82.8,1.0,3.8,4.8,0.8,0.4,0.3,0.5,ilyaser01,PF,2.8,1.4999999999999998,0.5357142857142857
JaVale McGee,2.9,4.5,63.7,0.0,0.1,50.0,0.8,1.2,64.6,1.8,3.9,5.7,0.5,0.5,1.4,0.8,mcgeeja01,C,4.4,2.9,0.6590909090909091
T.J. McConnell,3.0,5.8,51.6,0.1,0.2,29.4,0.5,0.6,83.3,0.5,2.1,2.7,5.0,0.8,0.2,1.4,mccontj01,PG,5.6,2.9,0.5178571428571429
Kevin Knox II,2.2,6.2,35.9,1.0,3.1,32.7,1.0,1.6,65.3,0.4,2.4,2.8,0.9,0.4,0.4,0.7,knoxke01,SF,3.1,1.2000000000000002,0.38709677419354843
Trey Lyles,2.4,5.4,44.6,1.0,2.7,38.7,0.5,0.7,73.3,1.1,4.6,5.7,1.1,0.4,0.4,0.6,lylestr01,PF,2.7,1.4,0.5185185185185185
Lonnie Walker IV,2.5,5.9,42.6,0.7,1.7,40.6,0.7,1.0,72.1,0.4,1.9,2.3,1.1,0.5,0.2,0.7,walkelo01,SG,4.2,1.8,0.42857142857142855
Cory Joseph,2.4,5.7,41.5,0.8,2.2,35.2,0.8,1.0,85.7,0.6,2.0,2.6,3.5,0.7,0.3,1.1,josepco01,SG,3.5,1.5999999999999999,0.45714285714285713
Royce O'Neale,2.2,5.1,43.3,1.3,3.4,37.7,0.6,0.8,76.4,0.4,5.1,5.5,2.5,0.8,0.5,0.9,onealro01,SF,1.6999999999999997,0.9000000000000001,0.5294117647058825
Marco Belinelli,2.2,5.5,39.2,1.2,3.1,37.6,0.8,1.0,82.8,0.1,1.6,1.7,1.2,0.2,0.0,0.3,belinma01,SG,2.4,1.0000000000000002,0.4166666666666668
Frank Jackson,2.3,5.6,40.5,0.8,2.4,32.6,0.9,1.3,74.7,0.4,1.0,1.4,1.0,0.3,0.1,0.8,jacksfr01,PG,3.1999999999999997,1.4999999999999998,0.46874999999999994
Abdel Nader,2.2,4.8,46.8,0.9,2.3,37.5,0.9,1.2,77.3,0.3,1.6,1.8,0.7,0.4,0.4,0.8,naderab01,SF,2.5,1.3000000000000003,0.5200000000000001
Frank Ntilikina,2.3,5.8,39.3,0.8,2.4,32.1,0.9,1.0,86.4,0.4,1.7,2.1,3.0,0.9,0.3,1.2,ntilila01,PG,3.4,1.4999999999999998,0.4411764705882352
Taj Gibson,2.7,4.6,58.4,0.1,0.2,28.6,0.7,0.9,73.2,1.8,2.5,4.3,0.8,0.4,0.5,0.8,gibsota01,PF,4.3999999999999995,2.6,0.590909090909091
Juancho Hernangomez,2.1,5.1,40.5,0.9,2.7,34.1,0.9,1.5,62.0,0.9,3.2,4.1,0.8,0.4,0.2,0.7,hernaju01,PF,2.3999999999999995,1.2000000000000002,0.5000000000000002
Mike Scott,2.2,5.1,42.6,1.2,3.2,36.9,0.4,0.5,81.1,1.0,2.7,3.6,0.8,0.3,0.1,0.4,scottmi01,PF,1.8999999999999995,1.0000000000000002,0.5263157894736845
Georges Niang,2.1,4.9,43.8,1.4,3.4,40.0,0.3,0.4,83.3,0.2,1.7,1.9,0.7,0.3,0.1,0.5,niangge01,PF,1.5000000000000004,0.7000000000000002,0.4666666666666667
Marvin Williams,2.1,4.6,44.6,1.0,2.7,35.9,0.8,1.0,86.0,0.5,2.6,3.2,1.0,0.6,0.5,0.6,willima02,SF,1.8999999999999995,1.1,0.5789473684210529
Kyle Anderson,2.3,4.9,47.4,0.4,1.3,28.2,0.8,1.2,66.7,0.9,3.4,4.3,2.4,0.8,0.6,1.0,anderky01,SF,3.6000000000000005,1.9,0.5277777777777777
Wes Iwundu,1.9,4.5,41.6,0.5,1.6,34.1,1.5,1.9,80.4,0.5,2.1,2.5,1.2,0.5,0.3,0.5,iwundwe01,SF,2.9,1.4,0.48275862068965514
Maurice Harkless,2.3,4.6,50.2,0.5,1.6,34.7,0.6,1.1,59.1,0.9,3.0,3.9,1.1,0.9,0.5,0.9,harklma01,SF,2.9999999999999996,1.7999999999999998,0.6
Jakob Poeltl,2.5,4.0,62.4,0.0,0.0,0.0,0.6,1.3,46.5,2.0,3.7,5.7,1.8,0.6,1.4,0.8,poeltja01,C,4.0,2.5,0.625
Darius Bazley,2.0,5.2,39.4,0.8,2.3,34.8,0.7,1.0,69.4,0.5,3.5,4.0,0.7,0.4,0.7,0.7,bazleda01,PF,2.9000000000000004,1.2,0.4137931034482758
Damian Jones,2.2,3.2,68.0,0.0,0.2,22.2,1.1,1.5,73.8,1.3,2.4,3.7,0.6,0.5,0.7,0.5,jonesda03,C,3.0,2.2,0.7333333333333334
Justin Jackson,2.1,5.2,39.6,0.7,2.5,29.4,0.6,0.8,84.0,0.4,2.0,2.4,0.8,0.2,0.2,0.2,jacksju01,SF,2.7,1.4000000000000001,0.5185185185185185
Solomon Hill,1.9,4.7,39.6,1.1,2.9,36.8,0.7,0.9,74.1,0.5,2.3,2.8,1.8,0.7,0.2,0.9,hillso01,SF,1.8000000000000003,0.7999999999999998,0.44444444444444425
Alex Caruso,1.9,4.5,41.2,0.6,1.9,33.3,1.1,1.5,73.4,0.3,1.7,1.9,1.9,1.1,0.3,0.8,carusal01,PG,2.6,1.2999999999999998,0.4999999999999999
Torrey Craig,2.1,4.6,46.1,0.8,2.4,32.6,0.4,0.6,61.1,1.1,2.2,3.3,0.8,0.4,0.6,0.4,craigto01,SF,2.1999999999999997,1.3,0.590909090909091
Robin Lopez,2.2,4.5,49.2,0.5,1.6,33.3,0.4,0.8,52.8,0.8,1.6,2.4,0.7,0.2,0.7,1.0,lopezro01,C,2.9,1.7000000000000002,0.5862068965517242
Pat Connaughton,2.0,4.5,45.5,0.8,2.5,33.1,0.5,0.6,77.5,0.9,3.3,4.2,1.6,0.4,0.5,0.8,connapa01,SG,2.0,1.2,0.6
Mo Bamba,2.1,4.6,46.2,0.6,1.7,34.6,0.5,0.7,67.4,1.6,3.3,4.9,0.7,0.4,1.4,0.7,bambamo01,C,2.8999999999999995,1.5,0.517241379310345
Sterling Brown,1.8,4.9,37.1,0.8,2.6,32.4,0.6,0.8,80.0,0.6,2.9,3.5,1.0,0.6,0.1,0.8,brownst02,SG,2.3000000000000003,1.0,0.4347826086956521
Raul Neto,1.9,4.1,45.5,0.6,1.6,38.6,0.7,0.9,83.0,0.2,0.9,1.1,1.8,0.4,0.1,0.9,netora01,PG,2.4999999999999996,1.2999999999999998,0.52
Jerome Robinson,1.8,4.9,37.1,0.8,2.4,32.0,0.6,0.9,70.2,0.2,1.8,2.0,1.4,0.4,0.3,0.8,robinje01,SG,2.5000000000000004,1.0,0.3999999999999999
Isaac Bonga,1.8,3.5,50.4,0.4,1.1,35.2,1.0,1.3,81.2,1.1,2.3,3.4,1.2,0.7,0.3,0.9,bongais01,SF,2.4,1.4,0.5833333333333334
Vince Carter,1.8,5.1,35.2,1.0,3.4,30.2,0.4,0.5,79.3,0.3,1.8,2.1,0.8,0.4,0.4,0.6,cartevi01,SG,1.6999999999999997,0.8,0.47058823529411775
Cody Martin,1.9,4.3,43.0,0.4,1.6,23.4,0.9,1.4,64.6,0.8,2.5,3.3,2.0,0.8,0.2,0.9,martico01,SF,2.6999999999999997,1.5,0.5555555555555556
Patrick Patterson,1.6,3.9,40.8,1.1,2.9,39.0,0.6,0.7,81.4,0.6,2.0,2.6,0.7,0.1,0.1,0.4,pattepa01,PF,1.0,0.5,0.5
Jevon Carter,1.7,4.2,41.6,1.1,2.5,42.5,0.4,0.5,85.2,0.5,1.5,2.0,1.4,0.8,0.3,0.6,carteje01,PG,1.7000000000000002,0.5999999999999999,0.35294117647058815
Tony Bradley,2.2,3.3,66.7,0.1,0.1,100.0,0.5,0.8,65.2,1.9,2.7,4.6,0.4,0.2,0.6,0.5,bradlto01,C,3.1999999999999997,2.1,0.6562500000000001
Mario Hezonja,1.7,4.1,42.2,0.5,1.5,30.8,0.9,1.1,81.4,0.6,2.9,3.5,0.9,0.7,0.2,0.8,hezonma01,SF,2.5999999999999996,1.2,0.46153846153846156
Matisse Thybulle,1.7,4.1,42.3,0.9,2.4,35.7,0.4,0.6,61.0,0.7,1.0,1.6,1.2,1.4,0.7,0.8,thybuma01,SG,1.6999999999999997,0.7999999999999999,0.4705882352941177
Thon Maker,1.6,3.2,48.2,0.4,1.1,34.4,1.2,1.8,66.4,0.9,1.9,2.8,0.7,0.4,0.7,0.8,makerth01,PF,2.1,1.2000000000000002,0.5714285714285715
Ryan Arcidiacono,1.6,3.8,40.9,0.9,2.4,39.1,0.5,0.7,71.1,0.3,1.6,1.9,1.7,0.5,0.1,0.6,arcidry01,PG,1.4,0.7000000000000001,0.5000000000000001
Treveon Graham,1.6,4.4,36.0,0.6,2.2,27.5,0.7,1.0,64.3,0.9,1.8,2.7,0.8,0.4,0.1,0.5,grahatr01,SG,2.2,1.0,0.45454545454545453
Bruno Fernando,1.8,3.6,51.8,0.1,0.7,13.5,0.5,0.9,56.9,1.2,2.3,3.5,0.9,0.3,0.3,0.8,fernabr01,C,2.9000000000000004,1.7,0.5862068965517241
Elie Okobo,1.3,3.3,39.8,0.5,1.3,35.2,0.9,1.3,70.4,0.3,1.3,1.6,2.1,0.4,0.1,0.7,okoboel01,PG,1.9999999999999998,0.8,0.4000000000000001
Terrance Ferguson,1.4,3.9,35.5,0.9,3.0,29.2,0.3,0.4,75.0,0.4,0.9,1.3,0.9,0.5,0.3,0.6,fergute01,SG,0.8999999999999999,0.4999999999999999,0.5555555555555555
Anthony Tolliver,1.2,3.3,35.7,0.9,2.6,33.8,0.4,0.5,72.4,0.6,2.2,2.8,0.8,0.3,0.2,0.6,tollian01,SF,0.6999999999999997,0.29999999999999993,0.42857142857142866
Grant Williams,1.3,3.1,41.2,0.3,1.4,25.0,0.6,0.8,72.2,0.9,1.7,2.6,1.0,0.4,0.5,0.7,willigr01,PF,1.7000000000000002,1.0,0.588235294117647
Semi Ojeleye,1.2,2.8,40.8,0.7,1.8,37.8,0.4,0.5,87.5,0.4,1.7,2.1,0.5,0.3,0.1,0.3,ojelese01,PF,0.9999999999999998,0.5,0.5000000000000001
Rodney McGruder,1.3,3.2,39.8,0.4,1.6,27.0,0.3,0.6,55.9,0.5,2.2,2.7,0.6,0.5,0.1,0.4,mcgruro01,SG,1.6,0.9,0.5625
Goga Bitadze,1.3,2.8,46.7,0.1,0.8,19.0,0.4,0.6,72.7,0.5,1.5,2.0,0.4,0.2,0.7,0.5,bitadgo01,C,1.9999999999999998,1.2,0.6000000000000001
Matthew Dellavedova,1.1,3.1,35.4,0.4,1.6,23.1,0.6,0.6,86.5,0.3,1.0,1.3,3.2,0.4,0.0,1.0,dellama01,SG,1.5,0.7000000000000001,0.46666666666666673
