ID,FGM,FGA,FG_pc,3PM,3PA,3P_pc,FTM,FTA,FT_pc,OREB,DREB,REB,AST,STL,BLK,TOV,2PA,2PM,2P_pc
hardeja01,0.8979591836734693,0.9701492537313434,0.2713936430317848,1.0,1.0,0.355,1.0,1.0,0.7490706319702601,0.20930232558139533,0.438095238095238,0.3900709219858156,0.7244897959183674,0.85,0.3103448275862069,0.9347826086956523,0.5082872928176796,0.5591397849462367,0.5186615186615189
bealbr01,0.9489795918367345,1.0,0.29828850855745725,0.6818181818181818,0.6774193548387097,0.353,0.6565656565656567,0.6666666666666666,0.7063197026022304,0.18604651162790697,0.2285714285714285,0.21985815602836883,0.5816326530612245,0.5499999999999999,0.13793103448275865,0.6956521739130436,0.7624309392265192,0.763440860215054,0.40292903741179664
lillada01,0.857142857142857,0.8756218905472637,0.3178484107579461,0.9318181818181817,0.8225806451612903,0.401,0.6767676767676769,0.6491228070175438,0.7918215613382898,0.09302325581395347,0.2761904761904761,0.22695035460992907,0.7755102040816327,0.5,0.10344827586206896,0.5869565217391305,0.5248618784530386,0.5483870967741937,0.45173745173745217
youngtr01,0.8163265306122447,0.8955223880597016,0.25427872860635714,0.7727272727272727,0.7661290322580645,0.36100000000000004,0.7777777777777779,0.7807017543859649,0.7397769516728624,0.09302325581395347,0.2666666666666667,0.22695035460992907,0.9081632653061227,0.5,0.03448275862068966,1.0,0.585635359116022,0.5806451612903226,0.3877746267126798
antetgi01,1.0,0.8407960199004975,0.5378973105134474,0.3181818181818182,0.3790322580645161,0.304,0.6060606060606062,0.8421052631578947,0.3178438661710036,0.48837209302325585,0.9999999999999999,0.8865248226950355,0.5306122448979592,0.45,0.3448275862068966,0.7608695652173915,0.7900552486187845,0.9892473118279572,0.7177606177606177
doncilu01,0.857142857142857,0.8855721393034828,0.3178484107579461,0.6363636363636364,0.717741935483871,0.316,0.6767676767676769,0.7719298245614034,0.5501858736059478,0.27906976744186046,0.6857142857142856,0.5886524822695036,0.8571428571428573,0.45,0.06896551724137932,0.891304347826087,0.6077348066298341,0.6881720430107529,0.5624195624195625
westbru01,0.9693877551020407,0.9800995024875623,0.3398533007334964,0.22727272727272727,0.29838709677419356,0.258,0.48484848484848486,0.5526315789473684,0.5594795539033456,0.3953488372093023,0.5047619047619047,0.4822695035460993,0.6734693877551021,0.75,0.13793103448275865,0.9347826086956523,1.0,1.0000000000000002,0.40368027602070167
leonaka01,0.836734693877551,0.8507462686567163,0.334963325183374,0.5,0.4596774193548387,0.378,0.5959595959595961,0.587719298245614,0.7881040892193306,0.18604651162790697,0.49523809523809514,0.4255319148936171,0.4591836734693879,0.85,0.20689655172413793,0.5217391304347827,0.7458563535911601,0.731182795698925,0.3764478764478769
bookede01,0.8061224489795917,0.7711442786069652,0.3814180929095353,0.45454545454545453,0.4596774193548387,0.354,0.6464646464646466,0.6052631578947368,0.8494423791821563,0.06976744186046512,0.2761904761904761,0.21985815602836883,0.6224489795918368,0.3,0.10344827586206896,0.782608695652174,0.6574585635359116,0.7204301075268819,0.5186615186615187
davisan02,0.7959183673469387,0.7412935323383084,0.4156479217603911,0.2727272727272727,0.282258064516129,0.33,0.6969696969696971,0.7105263157894737,0.7137546468401487,0.511627906976744,0.5809523809523809,0.5815602836879433,0.2857142857142858,0.7,0.7931034482758621,0.5000000000000001,0.7458563535911601,0.795698924731183,0.48461036489205545
lavinza01,0.8061224489795917,0.8557213930348259,0.2860635696821515,0.7045454545454546,0.6532258064516129,0.38,0.4242424242424243,0.4561403508771929,0.6319702602230483,0.1395348837209302,0.3047619047619047,0.2624113475177305,0.3877551020408164,0.7,0.1724137931034483,0.6956521739130436,0.6187845303867403,0.6021505376344087,0.3656922228350803
jamesle01,0.8673469387755101,0.8258706467661691,0.39119804400977987,0.5,0.5080645161290323,0.348,0.36363636363636365,0.4649122807017544,0.42936802973977695,0.20930232558139533,0.5714285714285714,0.475177304964539,1.0,0.5499999999999999,0.1724137931034483,0.8043478260869567,0.6850828729281766,0.7634408602150538,0.5425447257508329
mitchdo01,0.7755102040816325,0.8258706467661691,0.28361858190709033,0.5681818181818181,0.5564516129032259,0.36600000000000005,0.3737373737373738,0.37719298245614036,0.7453531598513011,0.16279069767441862,0.2571428571428571,0.23404255319148942,0.39795918367346944,0.45,0.06896551724137932,0.5434782608695653,0.6519337016574585,0.6344086021505377,0.36620849420849444
ingrabr01,0.7244897959183672,0.7412935323383084,0.3178484107579461,0.5454545454545454,0.5,0.391,0.4747474747474748,0.48245614035087725,0.7230483271375464,0.16279069767441862,0.419047619047619,0.3546099290780142,0.3877551020408164,0.45,0.20689655172413793,0.6086956521739131,0.5966850828729281,0.5913978494623656,0.3875776397515527
tatumja01,0.7448979591836734,0.7860696517412936,0.2860635696821515,0.6590909090909091,0.5725806451612903,0.40299999999999997,0.3535353535353536,0.37719298245614036,0.650557620817844,0.20930232558139533,0.48571428571428565,0.4184397163120568,0.26530612244897966,0.6499999999999999,0.3103448275862069,0.45652173913043476,0.5966850828729282,0.5591397849462367,0.32079905992949476
russeda01,0.7040816326530611,0.7960199004975125,0.2273838630806847,0.7954545454545454,0.7741935483870968,0.36700000000000005,0.33333333333333337,0.3508771929824562,0.6449814126394052,0.06976744186046512,0.2571428571428571,0.19858156028368795,0.6020408163265306,0.5,0.10344827586206896,0.673913043478261,0.4696132596685082,0.45161290322580655,0.3486234681886855
siakapa01,0.7346938775510203,0.7761194029850745,0.29339853300733487,0.5,0.4919354838709677,0.359,0.3737373737373738,0.4122807017543859,0.6133828996282528,0.23255813953488375,0.5142857142857142,0.43971631205673756,0.31632653061224497,0.45,0.3103448275862069,0.5000000000000001,0.6408839779005525,0.6236559139784948,0.3660420001883422
mccolcj01,0.7755102040816325,0.8258706467661691,0.2885085574572127,0.6363636363636364,0.5887096774193548,0.379,0.17171717171717174,0.19298245614035087,0.5483271375464683,0.1395348837209302,0.2571428571428571,0.21985815602836883,0.40816326530612257,0.35000000000000003,0.20689655172413793,0.3478260869565218,0.6298342541436462,0.6021505376344087,0.3447142538051633
derozde01,0.7244897959183672,0.6268656716417911,0.4841075794621027,0.022727272727272728,0.04032258064516129,0.257,0.5353535353535354,0.5438596491228069,0.7118959107806692,0.11627906976744183,0.38095238095238093,0.3120567375886525,0.5306122448979592,0.45,0.10344827586206896,0.47826086956521735,0.7845303867403315,0.838709677419355,0.4881189914746964
wiggian01,0.7142857142857142,0.7611940298507464,0.2787286063569684,0.4772727272727273,0.5,0.332,0.3232323232323233,0.40350877192982454,0.4591078066914499,0.25581395348837205,0.2857142857142857,0.28368794326241137,0.3367346938775511,0.35000000000000003,0.3448275862068966,0.47826086956521735,0.6187845303867404,0.6129032258064517,0.3872035300606729
foxde01,0.673469387755102,0.6567164179104478,0.35941320293398527,0.25,0.2903225806451613,0.292,0.44444444444444453,0.5526315789473684,0.45167286245353166,0.1395348837209302,0.21904761904761907,0.19148936170212766,0.653061224489796,0.7,0.1724137931034483,0.6304347826086958,0.6464088397790055,0.6774193548387097,0.459023539668701
middlkh01,0.6632653061224488,0.6218905472636816,0.4009779951100244,0.5454545454545454,0.4596774193548387,0.41500000000000004,0.31313131313131315,0.2894736842105263,0.8438661710037173,0.1395348837209302,0.438095238095238,0.3617021276595745,0.39795918367346944,0.4,0.03448275862068966,0.4347826086956522,0.4917127071823204,0.5268817204301076,0.4831081081081079
sextoco01,0.693877551020408,0.6915422885572139,0.3398533007334964,0.3409090909090909,0.31451612903225806,0.38,0.3232323232323233,0.3245614035087719,0.7137546468401487,0.18604651162790697,0.12380952380952381,0.14184397163120566,0.26530612244897966,0.45,0.03448275862068966,0.47826086956521735,0.6685082872928176,0.6559139784946239,0.3764478764478769
dinwisp01,0.5612244897959182,0.6567164179104478,0.20048899755501226,0.43181818181818177,0.5080645161290323,0.308,0.5151515151515152,0.5789473684210525,0.587360594795539,0.09302325581395347,0.19999999999999998,0.17021276595744683,0.653061224489796,0.25,0.10344827586206896,0.5434782608695653,0.49723756906077343,0.4731182795698925,0.33686263583170795
walkeke02,0.5816326530612244,0.6517412935323383,0.2249388753056235,0.7272727272727273,0.6774193548387097,0.381,0.34343434343434354,0.3421052631578947,0.7472118959107809,0.11627906976744183,0.21904761904761907,0.19858156028368795,0.44897959183673475,0.4,0.1724137931034483,0.4130434782608696,0.37569060773480667,0.35483870967741943,0.3252509652509654
porzikr01,0.6020408163265305,0.6766169154228855,0.2298288508557459,0.5681818181818181,0.5725806451612903,0.35200000000000004,0.3737373737373738,0.40350877192982454,0.6263940520446097,0.3953488372093023,0.6476190476190475,0.5957446808510639,0.14285714285714288,0.3,0.6896551724137931,0.30434782608695654,0.47513812154696133,0.45161290322580655,0.33516004483746453
brownja02,0.6530612244897959,0.6368159203980099,0.36185819070904646,0.5227272727272727,0.47580645161290325,0.38200000000000006,0.2828282828282829,0.3421052631578947,0.48698884758364314,0.23255813953488375,0.419047619047619,0.3758865248226951,0.17346938775510207,0.5,0.13793103448275865,0.4347826086956522,0.49723756906077343,0.5268817204301076,0.46881343788560326
bogdabo02,0.5612244897959182,0.5970149253731344,0.2787286063569684,0.6818181818181818,0.5887096774193548,0.414,0.3737373737373738,0.3508771929824562,0.8197026022304833,0.11627906976744183,0.2476190476190476,0.21276595744680848,0.17346938775510207,0.2,0.03448275862068966,0.5000000000000001,0.37569060773480667,0.35483870967741943,0.325250965250965
butleji01,0.4897959183673469,0.5124378109452736,0.29828850855745725,0.11363636363636363,0.16935483870967744,0.244,0.7373737373737375,0.763157894736842,0.6914498141263942,0.3953488372093023,0.37142857142857133,0.39716312056737596,0.5714285714285715,0.85,0.20689655172413793,0.4347826086956522,0.569060773480663,0.5483870967741937,0.3531765531765534
jokicni01,0.673469387755102,0.5920398009950248,0.4767726161369191,0.25,0.282258064516129,0.314,0.31313131313131315,0.3245614035087719,0.6598513011152417,0.511627906976744,0.6285714285714284,0.6099290780141844,0.6734693877551021,0.5499999999999999,0.20689655172413793,0.6304347826086958,0.580110497237569,0.6774193548387097,0.6050055157198015
warretj01,0.7040816326530611,0.6019900497512438,0.49633251833740843,0.3181818181818182,0.27419354838709675,0.40299999999999997,0.22222222222222224,0.22807017543859648,0.6635687732342007,0.20930232558139533,0.21904761904761907,0.21985815602836883,0.11224489795918369,0.5499999999999999,0.1724137931034483,0.23913043478260873,0.5966850828729281,0.6774193548387097,0.5656538526103745
harrito02,0.673469387755102,0.6716417910447762,0.3374083129584352,0.40909090909090906,0.4032258064516129,0.36700000000000005,0.21212121212121213,0.22807017543859648,0.6394052044609665,0.20930232558139533,0.47619047619047616,0.4113475177304965,0.2857142857142858,0.3,0.20689655172413793,0.2608695652173913,0.585635359116022,0.6021505376344087,0.43308162777189363
vucevni01,0.7040816326530611,0.6915422885572139,0.3520782396088019,0.36363636363636365,0.3790322580645161,0.33899999999999997,0.18181818181818185,0.2017543859649123,0.5985130111524165,0.511627906976744,0.7333333333333332,0.6950354609929079,0.32653061224489804,0.4,0.2758620689655173,0.2608695652173913,0.6243093922651933,0.6559139784946239,0.461776061776062
randlju01,0.6224489795918366,0.6417910447761194,0.31051344743276277,0.22727272727272727,0.2903225806451613,0.277,0.3737373737373738,0.4473684210526315,0.5037174721189591,0.5348837209302324,0.6190476190476191,0.6099290780141844,0.27551020408163274,0.35000000000000003,0.10344827586206896,0.6086956521739131,0.6298342541436464,0.6344086021505377,0.4081814990905903
lowryky01,0.47959183673469374,0.5472636815920399,0.20293398533007345,0.6363636363636364,0.6451612903225806,0.35200000000000004,0.48484848484848486,0.48245614035087725,0.7342007434944239,0.11627906976744183,0.34285714285714286,0.2765957446808511,0.7244897959183674,0.6499999999999999,0.13793103448275865,0.6304347826086958,0.28176795580110503,0.29032258064516137,0.4205831447210757
hieldbu01,0.5918367346938775,0.6616915422885573,0.23471882640586783,0.8636363636363635,0.7741935483870968,0.394,0.13131313131313135,0.13157894736842105,0.7137546468401487,0.16279069767441862,0.2761904761904761,0.2482269503546099,0.26530612244897966,0.4,0.06896551724137932,0.45652173913043476,0.3204419889502763,0.3010752688172044,0.3173745173745175
holidjr01,0.6530612244897959,0.681592039800995,0.29828850855745725,0.45454545454545453,0.4596774193548387,0.353,0.18181818181818185,0.22807017543859648,0.4591078066914499,0.27906976744186046,0.2476190476190476,0.2624113475177305,0.6428571428571429,0.75,0.2758620689655173,0.6086956521739131,0.5580110497237569,0.5591397849462367,0.4001501501501503
gilgesh01,0.5816326530612244,0.582089552238806,0.3374083129584352,0.2727272727272727,0.2903225806451613,0.34700000000000003,0.38383838383838387,0.4122807017543859,0.6412639405204462,0.1395348837209302,0.4095238095238095,0.34042553191489366,0.2959183673469388,0.5,0.2413793103448276,0.3695652173913043,0.56353591160221,0.5698924731182796,0.41167510892281545
schrode01,0.6020408163265305,0.5970149253731344,0.3325183374083128,0.43181818181818177,0.4032258064516129,0.385,0.2727272727272728,0.2807017543859649,0.7007434944237919,0.04651162790697673,0.2285714285714285,0.17730496453900713,0.3673469387755103,0.3,0.06896551724137932,0.5217391304347827,0.5027624309392266,0.5161290322580646,0.4286896225671737
aldrila01,0.6428571428571428,0.6069651741293532,0.39119804400977987,0.2727272727272727,0.24193548387096775,0.389,0.2727272727272728,0.2807017543859649,0.6784386617100372,0.4186046511627906,0.438095238095238,0.44680851063829796,0.20408163265306123,0.3,0.5517241379310346,0.2608695652173913,0.6243093922651933,0.6344086021505377,0.4191119691119696
gallida01,0.47959183673469374,0.5174129353233831,0.2567237163814181,0.6590909090909091,0.5725806451612903,0.405,0.4040404040404041,0.38596491228070173,0.8011152416356876,0.09302325581395347,0.35238095238095235,0.29078014184397166,0.15306122448979592,0.3,0.03448275862068966,0.21739130434782608,0.2983425414364641,0.27956989247311836,0.3135008544844613
oubreke01,0.5714285714285714,0.5970149253731344,0.2909535452322739,0.43181818181818177,0.4435483870967742,0.35200000000000004,0.31313131313131315,0.3508771929824562,0.591078066914498,0.25581395348837205,0.419047619047619,0.3758865248226951,0.11224489795918369,0.6,0.2413793103448276,0.2826086956521739,0.47513812154696133,0.4838709677419356,0.41773570805828886
harremo01,0.6530612244897959,0.5024875621890548,0.6039119804400978,0.0,0.024193548387096774,0.0,0.34343434343434354,0.4561403508771929,0.3643122676579925,0.5813953488372092,0.34285714285714286,0.4255319148936171,0.1326530612244898,0.25,0.37931034482758624,0.32608695652173914,0.6574585635359116,0.774193548387097,0.6202426916712633
sabondo01,0.6428571428571428,0.5422885572139303,0.5061124694376528,0.06818181818181818,0.08870967741935484,0.254,0.3232323232323233,0.38596491228070173,0.4851301115241634,0.6744186046511627,0.8095238095238095,0.8014184397163121,0.46938775510204095,0.35000000000000003,0.1724137931034483,0.5434782608695653,0.6574585635359116,0.731182795698925,0.5389777532634681
fournev01,0.5612244897959182,0.5621890547263682,0.32762836185819066,0.5909090909090909,0.532258064516129,0.399,0.24242424242424246,0.25438596491228066,0.6617100371747212,0.04651162790697673,0.1333333333333333,0.10638297872340426,0.2857142857142858,0.5,0.06896551724137932,0.3695652173913043,0.37569060773480667,0.3978494623655915,0.461776061776062
murraja01,0.5918367346938775,0.6169154228855721,0.30073349633251845,0.43181818181818177,0.4435483870967742,0.34600000000000003,0.2525252525252525,0.2368421052631579,0.7788104089219329,0.16279069767441862,0.21904761904761907,0.20567375886524825,0.44897959183673475,0.5,0.10344827586206896,0.4347826086956522,0.49723756906077343,0.5053763440860216,0.4160331170640452
willilo02,0.4999999999999999,0.5771144278606966,0.2078239608801956,0.38636363636363635,0.3870967741935484,0.35200000000000004,0.4242424242424243,0.42105263157894735,0.7416356877323419,0.09302325581395347,0.1619047619047619,0.14184397163120566,0.5306122448979592,0.3,0.06896551724137932,0.5652173913043479,0.4917127071823204,0.4301075268817205,0.24312258687258703
grahade01,0.47959183673469374,0.6218905472636816,0.11980440097799516,0.7954545454545454,0.75,0.373,0.2727272727272728,0.2894736842105263,0.6654275092936802,0.1395348837209302,0.17142857142857146,0.16312056737588654,0.7244897959183674,0.45,0.06896551724137932,0.5869565217391305,0.2928176795580111,0.21505376344086025,0.0777992277992281
rosede01,0.6428571428571428,0.6119402985074627,0.3838630806845965,0.20454545454545453,0.23387096774193547,0.306,0.21212121212121213,0.21052631578947364,0.7602230483271374,0.09302325581395347,0.0952380952380952,0.09219858156028367,0.5306122448979592,0.35000000000000003,0.10344827586206896,0.5000000000000001,0.6353591160220994,0.6666666666666667,0.4603772390657639
roziete01,0.5306122448979591,0.6019900497512438,0.22004889975550113,0.6136363636363636,0.5403225806451613,0.40700000000000003,0.23232323232323235,0.22807017543859648,0.7657992565055763,0.16279069767441862,0.2571428571428571,0.23404255319148942,0.3775510204081633,0.45,0.06896551724137932,0.4347826086956522,0.41436464088397784,0.35483870967741943,0.22035973255485475
moranja01,0.5714285714285714,0.5572139303482587,0.3520782396088019,0.20454545454545453,0.21774193548387097,0.335,0.33333333333333337,0.36842105263157887,0.5836431226765798,0.16279069767441862,0.20952380952380953,0.19858156028368795,0.7040816326530612,0.4,0.10344827586206896,0.673913043478261,0.585635359116022,0.5913978494623657,0.4104281272422865
drumman01,0.6326530612244897,0.5472636815920399,0.48899755501222486,0.022727272727272728,0.04838709677419355,0.14300000000000002,0.2727272727272728,0.42105263157894735,0.21003717472118943,1.0,0.942857142857143,1.0,0.23469387755102047,0.8999999999999999,0.5517241379310346,0.7391304347826089,0.6906077348066297,0.7419354838709679,0.492804492804493
vanvlfr01,0.4897959183673469,0.5721393034825871,0.19559902200488988,0.6136363636363636,0.5564516129032259,0.39,0.2828282828282829,0.2894736842105263,0.7174721189591077,0.04651162790697673,0.23809523809523805,0.19148936170212766,0.6326530612244898,0.8999999999999999,0.10344827586206896,0.4347826086956522,0.37016574585635365,0.3118279569892474,0.20348533862047402
loveke01,0.47959183673469374,0.5074626865671642,0.2860635696821515,0.5909090909090909,0.564516129032258,0.374,0.3030303030303031,0.3070175438596491,0.7286245353159851,0.20930232558139533,0.7523809523809524,0.6170212765957448,0.2857142857142858,0.25,0.10344827586206896,0.5000000000000001,0.2928176795580111,0.3118279569892474,0.461776061776062
paulch01,0.520408163265306,0.4925373134328358,0.3814180929095353,0.36363636363636365,0.34677419354838707,0.365,0.33333333333333337,0.3157894736842105,0.8271375464684015,0.06976744186046512,0.35238095238095235,0.2765957446808511,0.6428571428571429,0.75,0.06896551724137932,0.45652173913043476,0.4254143646408839,0.46236559139784955,0.4983452840595701
haywago01,0.5714285714285714,0.5323383084577115,0.40831295843520776,0.36363636363636365,0.34677419354838707,0.383,0.21212121212121213,0.21052631578947364,0.7304832713754646,0.23255813953488375,0.44761904761904747,0.39716312056737596,0.3775510204081633,0.3,0.13793103448275865,0.3478260869565218,0.4696132596685082,0.5161290322580646,0.5155699177438311
jacksja02,0.520408163265306,0.5174129353233831,0.3325183374083128,0.5681818181818181,0.5241935483870968,0.394,0.21212121212121213,0.25438596491228066,0.5297397769516728,0.20930232558139533,0.2571428571428571,0.2482269503546099,0.10204081632653061,0.3,0.5517241379310346,0.32608695652173914,0.33149171270718225,0.3655913978494625,0.510171151962197
morrima03,0.4693877551020408,0.5124378109452736,0.2567237163814181,0.5227272727272727,0.4516129032258064,0.408,0.26262626262626265,0.27192982456140347,0.671003717472119,0.20930232558139533,0.3047619047619047,0.2765957446808511,0.10204081632653061,0.35000000000000003,0.1724137931034483,0.30434782608695654,0.37569060773480667,0.3333333333333334,0.2569884169884171
brogdma01,0.4999999999999999,0.5472636815920399,0.2567237163814181,0.3181818181818182,0.34677419354838707,0.326,0.2828282828282829,0.2631578947368421,0.7992565055762083,0.18604651162790697,0.2952380952380952,0.26950354609929084,0.6836734693877551,0.25,0.06896551724137932,0.47826086956521735,0.4861878453038674,0.46236559139784955,0.33602926234505204
simmobe01,0.5612244897959182,0.427860696517413,0.6039119804400978,0.0,0.008064516129032258,0.28600000000000003,0.29292929292929304,0.42105263157894735,0.2955390334572491,0.441860465116279,0.46666666666666656,0.475177304964539,0.7755102040816327,1.0,0.20689655172413793,0.7173913043478262,0.585635359116022,0.6774193548387097,0.5916561314791402
brookdi01,0.4999999999999999,0.5870646766169154,0.18092909535452328,0.45454545454545453,0.4516129032258064,0.358,0.19191919191919196,0.21052631578947364,0.6431226765799255,0.18604651162790697,0.14285714285714282,0.15602836879432624,0.17346938775510207,0.4,0.13793103448275865,0.32608695652173914,0.45856353591160215,0.3978494623655915,0.2342342342342345
dragigo01,0.43877551020408156,0.4726368159203981,0.26405867970660146,0.4772727272727273,0.4596774193548387,0.36700000000000005,0.29292929292929304,0.3333333333333333,0.5836431226765798,0.09302325581395347,0.17142857142857146,0.14893617021276595,0.4795918367346939,0.3,0.06896551724137932,0.47826086956521735,0.32596685082872934,0.3225806451612904,0.3764478764478767
powelno01,0.4693877551020408,0.4328358208955224,0.39608801955990225,0.4772727272727273,0.42741935483870963,0.399,0.22222222222222224,0.21929824561403505,0.7081784386617099,0.09302325581395347,0.21904761904761907,0.18439716312056742,0.14285714285714288,0.5499999999999999,0.13793103448275865,0.2826086956521739,0.30386740331491713,0.35483870967741943,0.582887034499938
adebaba01,0.510204081632653,0.40796019900497515,0.5476772616136919,0.0,0.016129032258064516,0.14300000000000002,0.34343434343434354,0.4298245614035087,0.4256505576208177,0.5348837209302324,0.657142857142857,0.6453900709219859,0.4795918367346939,0.5,0.4482758620689656,0.5652173913043479,0.5580110497237569,0.6236559139784947,0.5423637923637925
hardati02,0.43877551020408156,0.48258706467661694,0.24694376528117357,0.6590909090909091,0.5806451612903226,0.39799999999999996,0.18181818181818185,0.19298245614035087,0.6635687732342007,0.06976744186046512,0.19047619047619044,0.15602836879432624,0.15306122448979592,0.25,0.03448275862068966,0.1739130434782609,0.2541436464088398,0.23655913978494633,0.3039994172069649
whiteha01,0.5510204081632653,0.3830845771144279,0.7041564792176039,0.022727272727272728,0.008064516129032258,0.5710000000000001,0.21212121212121213,0.2807017543859649,0.41635687732341997,0.8837209302325579,0.8380952380952379,0.8794326241134752,0.0816326530612245,0.15000000000000002,1.0,0.3478260869565218,0.5359116022099447,0.6559139784946239,0.671814671814672
bertada01,0.3877551020408163,0.42288557213930356,0.24694376528117357,0.8409090909090909,0.7016129032258064,0.424,0.16161616161616163,0.16666666666666663,0.7249070631970261,0.11627906976744183,0.2857142857142857,0.24113475177304966,0.1326530612244898,0.3,0.20689655172413793,0.19565217391304351,0.10497237569060783,0.09677419354838712,0.27799227799227766
anthoca01,0.47959183673469374,0.5323383084577115,0.23716381418092902,0.3409090909090909,0.31451612903225806,0.385,0.20202020202020202,0.21052631578947364,0.7118959107806692,0.25581395348837205,0.3999999999999999,0.3687943262411348,0.11224489795918369,0.35000000000000003,0.1724137931034483,0.32608695652173914,0.4917127071823204,0.4301075268817205,0.24312258687258725
ibakase01,0.520408163265306,0.46766169154228854,0.4376528117359414,0.29545454545454547,0.2661290322580645,0.385,0.13131313131313135,0.16666666666666663,0.47583643122676567,0.46511627906976744,0.49523809523809514,0.5035460992907801,0.10204081632653061,0.2,0.2758620689655173,0.391304347826087,0.4530386740331491,0.4946236559139786,0.5058782699232143
nunnke01,0.4999999999999999,0.5373134328358209,0.2591687041564791,0.45454545454545453,0.46774193548387094,0.35000000000000003,0.10101010101010102,0.09649122807017543,0.7211895910780669,0.04651162790697673,0.14285714285714282,0.11347517730496455,0.2959183673469388,0.35000000000000003,0.06896551724137932,0.32608695652173914,0.39226519337016574,0.3978494623655915,0.40926640926640956
redicjj01,0.3775510204081632,0.3830845771144279,0.29339853300733487,0.6818181818181818,0.532258064516129,0.45299999999999996,0.2525252525252525,0.2368421052631579,0.7992565055762083,0.023255813953488372,0.14285714285714282,0.09929078014184396,0.163265306122449,0.09999999999999999,0.06896551724137932,0.23913043478260873,0.17679558011049723,0.16129032258064518,0.2779922779922779
clarkjo01,0.44897959183673464,0.46766169154228854,0.29584352078239606,0.4772727272727273,0.46774193548387094,0.368,0.16161616161616163,0.16666666666666663,0.695167286245353,0.1395348837209302,0.0952380952380952,0.10638297872340426,0.15306122448979592,0.25,0.06896551724137932,0.2608695652173913,0.3149171270718232,0.3333333333333334,0.4564430501930503
bogdabo01,0.44897959183673464,0.48756218905472637,0.26161369193154027,0.6136363636363636,0.5806451612903226,0.37200000000000005,0.1111111111111111,0.13157894736842105,0.5185873605947954,0.06976744186046512,0.19999999999999998,0.16312056737588654,0.3061224489795919,0.45,0.06896551724137932,0.32608695652173914,0.2596685082872928,0.2688172043010753,0.42385242385242394
goberru01,0.4693877551020408,0.26865671641791045,0.8801955990220048,0.0,0.0,0.0,0.34343434343434354,0.48245614035087725,0.31226765799256506,0.7674418604651161,0.8761904761904761,0.8794326241134752,0.11224489795918369,0.35000000000000003,0.6896551724137931,0.3695652173913043,0.41436464088397784,0.5806451612903227,0.8759299369055469
bartowi01,0.4693877551020408,0.4925373134328358,0.2860635696821515,0.43181818181818177,0.4032258064516129,0.375,0.15151515151515155,0.16666666666666663,0.566914498141264,0.27906976744186046,0.3904761904761904,0.3687943262411348,0.3367346938775511,0.5,0.1724137931034483,0.2826086956521739,0.3867403314917127,0.37634408602150543,0.3598255026826458
burksal01,0.3877551020408163,0.43781094527363185,0.2078239608801956,0.40909090909090906,0.3709677419354838,0.385,0.33333333333333337,0.3157894736842105,0.7899628252788103,0.1395348837209302,0.2476190476190476,0.22695035460992907,0.2551020408163266,0.4,0.10344827586206896,0.2608695652173913,0.34806629834254144,0.3010752688172044,0.2301709873138449
bledser01,0.44897959183673464,0.4328358208955224,0.34718826405867975,0.2727272727272727,0.282258064516129,0.344,0.2525252525252525,0.27192982456140347,0.6096654275092938,0.1395348837209302,0.2857142857142857,0.2482269503546099,0.5102040816326532,0.4,0.13793103448275865,0.47826086956521735,0.4033149171270718,0.4301075268817205,0.47244208494208517
valanjo01,0.520408163265306,0.3880597014925373,0.6161369193154035,0.11363636363636363,0.10483870967741936,0.35200000000000004,0.18181818181818185,0.21929824561403505,0.5167286245353159,0.6744186046511627,0.6952380952380951,0.7234042553191491,0.15306122448979592,0.15000000000000002,0.37931034482758624,0.3478260869565218,0.47513812154696133,0.5806451612903227,0.6654626977207627
markkla01,0.3979591836734693,0.4477611940298508,0.2249388753056235,0.5,0.5080645161290323,0.344,0.22222222222222224,0.2368421052631579,0.6728624535315987,0.25581395348837205,0.3999999999999999,0.3687943262411348,0.11224489795918369,0.35000000000000003,0.1724137931034483,0.30434782608695654,0.26519337016574596,0.2688172043010753,0.39971919971919956
rosste01,0.3877551020408163,0.4726368159203981,0.17114914425427863,0.5909090909090909,0.5887096774193548,0.35100000000000003,0.20202020202020202,0.2017543859649123,0.7267657992565054,0.023255813953488372,0.19999999999999998,0.14893617021276595,0.0816326530612245,0.5,0.10344827586206896,0.1739130434782609,0.2375690607734807,0.21505376344086027,0.27405405405405414
barneha02,0.40816326530612235,0.40796019900497515,0.31051344743276277,0.3181818181818182,0.29838709677419356,0.381,0.2727272727272728,0.2894736842105263,0.6301115241635685,0.23255813953488375,0.2857142857142857,0.26950354609929084,0.18367346938775514,0.25,0.06896551724137932,0.21739130434782608,0.3646408839779005,0.3655913978494625,0.39398106521394216
harrijo01,0.44897959183673464,0.427860696517413,0.3740831295843522,0.5681818181818181,0.47580645161290325,0.424,0.06060606060606062,0.07894736842105263,0.4776951672862454,0.18604651162790697,0.23809523809523805,0.22695035460992907,0.17346938775510207,0.25,0.06896551724137932,0.2826086956521739,0.26519337016574585,0.29032258064516137,0.492804492804493
gordoaa01,0.43877551020408156,0.4776119402985075,0.25427872860635714,0.2727272727272727,0.30645161290322576,0.308,0.21212121212121213,0.2807017543859649,0.3940520446096655,0.3720930232558139,0.47619047619047616,0.46808510638297873,0.3367346938775511,0.35000000000000003,0.20689655172413793,0.30434782608695654,0.43646408839779016,0.41935483870967755,0.3466822304031605
barrerj01,0.4183673469387754,0.5074626865671642,0.16870415647921766,0.25,0.282258064516129,0.32,0.2525252525252525,0.35964912280701755,0.2825278810408921,0.18604651162790697,0.3047619047619047,0.2765957446808511,0.2244897959183674,0.45,0.10344827586206896,0.4347826086956522,0.4861878453038674,0.4086021505376345,0.20130054866896985
pascher01,0.4285714285714285,0.39303482587064675,0.4009779951100244,0.13636363636363635,0.1774193548387097,0.287,0.24242424242424246,0.27192982456140347,0.5799256505576208,0.30232558139534876,0.21904761904761907,0.2482269503546099,0.17346938775510207,0.2,0.06896551724137932,0.30434782608695654,0.430939226519337,0.4731182795698926,0.5119691119691123
richajo01,0.40816326530612235,0.4427860696517413,0.23716381418092902,0.3409090909090909,0.3629032258064516,0.341,0.18181818181818185,0.19298245614035087,0.6449814126394052,0.1395348837209302,0.14285714285714282,0.14893617021276595,0.2551020408163266,0.4,0.2413793103448276,0.3695652173913043,0.3591160220994475,0.35483870967741943,0.3764478764478767
herroty01,0.3877551020408163,0.4328358208955224,0.23227383863080686,0.4772727272727273,0.43548387096774194,0.389,0.13131313131313135,0.12280701754385964,0.7583643122676579,0.04651162790697673,0.2761904761904761,0.21276595744680848,0.18367346938775514,0.25,0.06896551724137932,0.30434782608695654,0.2983425414364641,0.26881720430107536,0.2715361731755179
robindu01,0.336734693877551,0.32835820895522394,0.334963325183374,0.8409090909090909,0.6693548387096775,0.446,0.06060606060606062,0.05263157894736842,0.8717472118959108,0.0,0.19999999999999998,0.14893617021276595,0.10204081632653061,0.2,0.10344827586206896,0.1739130434782609,0.022099447513812147,0.04301075268817208,0.7255177255177265
whiteco01,0.3775510204081632,0.46766169154228854,0.14914425427872857,0.45454545454545453,0.46774193548387094,0.354,0.13131313131313135,0.14035087719298245,0.611524163568773,0.06976744186046512,0.20952380952380953,0.17021276595744683,0.23469387755102047,0.35000000000000003,0.03448275862068966,0.32608695652173914,0.3149171270718232,0.2688172043010753,0.21645752895752923
woodch01,0.35714285714285704,0.26865671641791045,0.5721271393643031,0.20454545454545453,0.1854838709677419,0.386,0.26262626262626265,0.3070175438596491,0.5241635687732343,0.3720930232558139,0.35238095238095235,0.3687943262411348,0.06122448979591837,0.2,0.3103448275862069,0.2608695652173913,0.28729281767955805,0.3655913978494625,0.7018519730384138
rubiori01,0.336734693877551,0.3880597014925373,0.20048899755501226,0.2727272727272727,0.2661290322580645,0.36100000000000004,0.2727272727272728,0.27192982456140347,0.7453531598513011,0.1395348837209302,0.2952380952380952,0.25531914893617025,0.8571428571428573,0.6499999999999999,0.06896551724137932,0.5434782608695653,0.3646408839779005,0.3118279569892474,0.2186491775532875
bridgmi02,0.3877551020408163,0.43781094527363185,0.22249388753056232,0.3409090909090909,0.3709677419354838,0.33,0.13131313131313135,0.14035087719298245,0.6449814126394052,0.30232558139534876,0.3142857142857143,0.3191489361702128,0.14285714285714288,0.25,0.2413793103448276,0.2826086956521739,0.34806629834254144,0.3333333333333334,0.3398786541643688
smartma01,0.3265306122448979,0.427860696517413,0.10268948655256727,0.5227272727272727,0.532258064516129,0.34700000000000003,0.18181818181818185,0.18421052631578946,0.695167286245353,0.1395348837209302,0.20952380952380953,0.19148936170212766,0.4591836734693879,0.7999999999999999,0.1724137931034483,0.32608695652173914,0.22651933701657465,0.18279569892473121,0.1631274131274132
kuzmaky01,0.3775510204081632,0.40796019900497515,0.25183374083129595,0.3181818181818182,0.3629032258064516,0.316,0.16161616161616163,0.18421052631578946,0.5074349442379181,0.18604651162790697,0.2571428571428571,0.24113475177304966,0.09183673469387757,0.2,0.13793103448275865,0.2826086956521739,0.3204419889502762,0.3333333333333334,0.4355212355212359
leeda03,0.3265306122448979,0.37810945273631846,0.20537897310513464,0.38636363636363635,0.3951612903225807,0.35600000000000004,0.19191919191919196,0.19298245614035087,0.7639405204460966,0.1395348837209302,0.3142857142857143,0.26950354609929084,0.23469387755102047,0.45,0.03448275862068966,0.2608695652173913,0.26519337016574585,0.24731182795698928,0.30663390663390655
covinro01,0.336734693877551,0.37313432835820903,0.21760391198044016,0.5227272727272727,0.5564516129032259,0.335,0.1111111111111111,0.12280701754385964,0.62453531598513,0.18604651162790697,0.4571428571428571,0.3900709219858156,0.09183673469387757,0.75,0.4482758620689656,0.2826086956521739,0.14917127071823208,0.19354838709677427,0.6776061776061781
curryse01,0.336734693877551,0.3084577114427861,0.39608801955990225,0.5227272727272727,0.4032258064516129,0.452,0.10101010101010102,0.09649122807017543,0.674721189591078,0.06976744186046512,0.08571428571428572,0.08510638297872337,0.15306122448979592,0.25,0.03448275862068966,0.1739130434782609,0.18232044198895028,0.19354838709677427,0.4404440154440159
huntede01,0.336734693877551,0.3980099502487563,0.18826405867970653,0.38636363636363635,0.3870967741935484,0.355,0.14141414141414144,0.16666666666666663,0.5613382899628253,0.1395348837209302,0.2761904761904761,0.24113475177304966,0.14285714285714288,0.3,0.10344827586206896,0.30434782608695654,0.2928176795580111,0.25806451612903236,0.2484555984555985
garlada01,0.36734693877551017,0.4477611940298508,0.16625916870415647,0.40909090909090906,0.4032258064516129,0.355,0.08080808080808083,0.07017543859649122,0.7676579925650558,0.09302325581395347,0.04761904761904759,0.056737588652482254,0.3571428571428572,0.3,0.03448275862068966,0.5217391304347827,0.3370165745856354,0.27956989247311836,0.18822393822393857
washipj01,0.35714285714285704,0.3681592039800995,0.29828850855745725,0.3409090909090909,0.3225806451612903,0.374,0.12121212121212124,0.16666666666666663,0.3438661710037175,0.20930232558139533,0.33333333333333337,0.30496453900709225,0.17346938775510207,0.4,0.2758620689655173,0.30434782608695654,0.30386740331491713,0.30107526881720437,0.3764478764478767
huertke01,0.346938775510204,0.4029850746268657,0.19559902200488988,0.5227272727272727,0.4838709677419355,0.38,0.06060606060606062,0.061403508771929835,0.6802973977695167,0.11627906976744183,0.23809523809523805,0.21276595744680848,0.34693877551020413,0.4,0.1724137931034483,0.30434782608695654,0.23204419889502767,0.20430107526881724,0.245843511149634
fultzma01,0.3979591836734693,0.39303482587064675,0.3227383863080685,0.11363636363636363,0.15322580645161288,0.267,0.13131313131313135,0.15789473684210528,0.4981412639405204,0.11627906976744183,0.17142857142857146,0.15602836879432624,0.4795918367346939,0.6,0.06896551724137932,0.391304347826087,0.4475138121546961,0.45161290322580655,0.40553703053703094
turnemy01,0.3265306122448979,0.33333333333333337,0.3031784841075794,0.3181818181818182,0.3225806451612903,0.344,0.17171717171717174,0.2017543859649123,0.5371747211895909,0.30232558139534876,0.4095238095238095,0.3900709219858156,0.0816326530612245,0.3,0.7241379310344829,0.2608695652173913,0.26519337016574585,0.27956989247311836,0.4462618462618464
princta02,0.3265306122448979,0.4328358208955224,0.10513447432762846,0.5227272727272727,0.5403225806451613,0.33899999999999997,0.08080808080808083,0.08771929824561402,0.62453531598513,0.16279069767441862,0.4095238095238095,0.34751773049645396,0.14285714285714288,0.4,0.13793103448275865,0.391304347826087,0.2265193370165746,0.18279569892473121,0.1631274131274134
clarkbr01,0.40816326530612235,0.27363184079602,0.6968215158924204,0.09090909090909091,0.08870967741935484,0.359,0.12121212121212124,0.13157894736842105,0.5520446096654276,0.3488372093023256,0.33333333333333337,0.34042553191489366,0.10204081632653061,0.25,0.2758620689655173,0.1521739130434783,0.3591160220994476,0.4731182795698925,0.767535392535392
thomptr01,0.40816326530612235,0.3532338308457712,0.4376528117359414,0.045454545454545456,0.03225806451612903,0.391,0.14141414141414144,0.21052631578947364,0.2843866171003716,0.9069767441860463,0.5047619047619047,0.6382978723404256,0.17346938775510207,0.25,0.3103448275862069,0.3478260869565218,0.4861878453038674,0.4946236559139786,0.41686649055070113
grantje01,0.3265306122448979,0.3034825870646767,0.3545232273838631,0.3181818181818182,0.282258064516129,0.389,0.18181818181818185,0.21052631578947364,0.5353159851301116,0.16279069767441862,0.17142857142857146,0.17021276595744683,0.0816326530612245,0.3,0.2758620689655173,0.1521739130434783,0.2596685082872928,0.27956989247311836,0.4712569712569714
lopezbr01,0.3265306122448979,0.3532338308457712,0.24938875305623476,0.3409090909090909,0.3870967741935484,0.314,0.16161616161616163,0.15789473684210528,0.695167286245353,0.18604651162790697,0.2666666666666667,0.2482269503546099,0.11224489795918369,0.3,0.8275862068965517,0.1739130434782609,0.24309392265193372,0.2688172043010753,0.501930501930502
horfoal01,0.3775510204081632,0.3880597014925373,0.2860635696821515,0.3409090909090909,0.33870967741935487,0.35000000000000003,0.06060606060606062,0.07017543859649122,0.5594795539033456,0.3255813953488372,0.419047619047619,0.4042553191489362,0.3673469387755103,0.35000000000000003,0.3103448275862069,0.21739130434782608,0.3149171270718232,0.32258064516129037,0.4164454633204635
balllo01,0.336734693877551,0.4029850746268657,0.17114914425427863,0.5227272727272727,0.5080645161290323,0.375,0.0404040404040404,0.07017543859649122,0.19330855018587367,0.23255813953488375,0.3904761904761904,0.3546099290780142,0.6734693877551021,0.6499999999999999,0.20689655172413793,0.6304347826086958,0.21546961325966854,0.19354838709677427,0.26515024341111326
robingl02,0.35714285714285704,0.33333333333333337,0.3740831295843522,0.2727272727272727,0.25806451612903225,0.391,0.09090909090909091,0.08771929824561402,0.7397769516728624,0.27906976744186046,0.19999999999999998,0.23404255319148942,0.11224489795918369,0.4,0.10344827586206896,0.1521739130434783,0.30939226519337015,0.33333333333333337,0.4780290494576209
millspa02,0.28571428571428564,0.31343283582089554,0.2396088019559902,0.5227272727272727,0.4919354838709677,0.38200000000000006,0.12121212121212124,0.11403508771929824,0.7509293680297396,0.04651162790697673,0.0380952380952381,0.035460992907801414,0.14285714285714288,0.35000000000000003,0.03448275862068966,0.13043478260869568,0.1270718232044199,0.13978494623655918,0.461776061776062
bjeline01,0.336734693877551,0.31343283582089554,0.36185819070904646,0.43181818181818177,0.3548387096774194,0.419,0.07070707070707072,0.07017543859649122,0.6672862453531597,0.3255813953488372,0.37142857142857133,0.3758865248226951,0.2448979591836735,0.4,0.20689655172413793,0.2608695652173913,0.2209944751381215,0.23655913978494633,0.4581450751663525
whitede01,0.26530612244897955,0.263681592039801,0.3056234718826406,0.2727272727272727,0.25806451612903225,0.36600000000000005,0.23232323232323235,0.2368421052631579,0.7267657992565054,0.09302325581395347,0.1809523809523809,0.15602836879432624,0.31632653061224497,0.25,0.3103448275862069,0.23913043478260873,0.23204419889502767,0.23655913978494628,0.4025687495075252
forbebr01,0.27551020408163257,0.31840796019900497,0.20537897310513464,0.5227272727272727,0.4838709677419355,0.38799999999999996,0.09090909090909091,0.08771929824561402,0.6895910780669144,0.023255813953488372,0.08571428571428572,0.06382978723404255,0.1326530612244898,0.2,0.0,0.1521739130434783,0.13812154696132595,0.12903225806451615,0.2964527027027033
beaslma01,0.30612244897959173,0.34328358208955223,0.2249388753056235,0.43181818181818177,0.4032258064516129,0.38799999999999996,0.07070707070707072,0.07017543859649122,0.6617100371747212,0.04651162790697673,0.14285714285714282,0.11347517730496455,0.10204081632653061,0.3,0.03448275862068966,0.1739130434782609,0.2209944751381215,0.20430107526881724,0.29475067772940133
allenja01,0.3265306122448979,0.1890547263681592,0.7726161369193155,0.0,0.008064516129032258,0.0,0.21212121212121213,0.3070175438596491,0.3178438661710036,0.6976744186046511,0.5333333333333333,0.6028368794326241,0.12244897959183676,0.25,0.4482758620689656,0.19565217391304351,0.3204419889502762,0.4301075268817205,0.78996138996139
zelleco01,0.3265306122448979,0.27363184079602,0.4669926650366748,0.06818181818181818,0.10483870967741936,0.24,0.18181818181818185,0.2368421052631579,0.40892193308550195,0.6279069767441858,0.32380952380952377,0.4255319148936171,0.11224489795918369,0.3,0.13793103448275865,0.23913043478260873,0.34806629834254144,0.3978494623655915,0.5592939878654166
osmande01,0.30612244897959173,0.32835820895522394,0.25427872860635714,0.43181818181818177,0.3951612903225807,0.383,0.07070707070707072,0.08771929824561402,0.38661710037174724,0.11627906976744183,0.19999999999999998,0.17730496453900713,0.20408163265306123,0.35000000000000003,0.06896551724137932,0.2608695652173913,0.20994475138121546,0.20430107526881724,0.34800514800514804
murrade01,0.346938775510204,0.34328358208955223,0.31540342298288515,0.13636363636363635,0.13709677419354838,0.369,0.1111111111111111,0.11403508771929824,0.62453531598513,0.20930232558139533,0.37142857142857133,0.33333333333333337,0.3775510204081633,0.7999999999999999,0.10344827586206896,0.3695652173913043,0.4033149171270718,0.3870967741935485,0.3444498069498072
smithis01,0.346938775510204,0.36318407960199006,0.2787286063569684,0.20454545454545453,0.20161290322580644,0.36700000000000005,0.06060606060606062,0.07894736842105263,0.4814126394052044,0.06976744186046512,0.1809523809523809,0.14893617021276595,0.4591836734693879,0.4,0.13793103448275865,0.2608695652173913,0.3812154696132597,0.35483870967741943,0.3090835196098358
teaguje01,0.2551020408163265,0.27363184079602,0.25183374083129595,0.1590909090909091,0.16129032258064516,0.368,0.26262626262626265,0.25438596491228066,0.7639405204460966,0.09302325581395347,0.0952380952380952,0.09219858156028367,0.4897959183673471,0.3,0.10344827586206896,0.391304347826087,0.30939226519337015,0.27956989247311836,0.27486670343813224
adamsst01,0.346938775510204,0.23880597014925373,0.6332518337408314,0.0,0.0,0.33299999999999996,0.16161616161616163,0.24561403508771928,0.2230483271375464,0.7441860465116277,0.48571428571428565,0.5815602836879433,0.19387755102040816,0.35000000000000003,0.37931034482758624,0.2826086956521739,0.3812154696132597,0.45161290322580655,0.6122231253810204
gayru01,0.2959183673469387,0.3034825870646767,0.2762836185819072,0.25,0.2661290322580645,0.336,0.15151515151515155,0.14035087719298245,0.7806691449814126,0.18604651162790697,0.34285714285714286,0.30496453900709225,0.1326530612244898,0.2,0.1724137931034483,0.23913043478260873,0.270718232044199,0.27956989247311836,0.4221594043022616
saricda01,0.28571428571428564,0.26865671641791045,0.34963325183374094,0.29545454545454547,0.2903225806451613,0.35700000000000004,0.13131313131313135,0.13157894736842105,0.7100371747211897,0.3255813953488372,0.35238095238095235,0.3617021276595745,0.15306122448979592,0.25,0.06896551724137932,0.23913043478260873,0.21546961325966849,0.24731182795698928,0.5433943260030216
anunoog01,0.30612244897959173,0.26865671641791045,0.4205378973105135,0.29545454545454547,0.2661290322580645,0.39,0.07070707070707072,0.09649122807017543,0.45353159851301095,0.25581395348837205,0.3047619047619047,0.2978723404255319,0.12244897959183676,0.6499999999999999,0.2413793103448276,0.19565217391304351,0.23204419889502767,0.2688172043010753,0.5592939878654168
crowdja01,0.2448979591836734,0.2935323383084577,0.16625916870415647,0.4772727272727273,0.4919354838709677,0.34299999999999997,0.12121212121212124,0.13157894736842105,0.5836431226765798,0.16279069767441862,0.3999999999999999,0.34042553191489366,0.21428571428571433,0.5,0.13793103448275865,0.19565217391304351,0.10497237569060774,0.11827956989247312,0.4749034749034753
reddica01,0.26530612244897955,0.3383084577114428,0.12469437652811732,0.3181818181818182,0.34677419354838707,0.332,0.14141414141414144,0.15789473684210528,0.6319702602230483,0.11627906976744183,0.20952380952380953,0.18439716312056742,0.11224489795918369,0.5,0.1724137931034483,0.32608695652173914,0.2541436464088398,0.21505376344086027,0.20740147155241528
augusdj01,0.21428571428571425,0.263681592039801,0.1613691931540342,0.2727272727272727,0.282258064516129,0.348,0.2525252525252525,0.24561403508771928,0.7955390334572491,0.06976744186046512,0.08571428571428572,0.07092198581560284,0.4285714285714286,0.25,0.0,0.2826086956521739,0.21546961325966849,0.18279569892473121,0.20950142689273177
houseda01,0.26530612244897955,0.2885572139303483,0.2298288508557459,0.45454545454545453,0.4516129032258064,0.363,0.09090909090909091,0.08771929824561402,0.6486988847583642,0.18604651162790697,0.2285714285714285,0.21985815602836883,0.09183673469387757,0.5,0.1724137931034483,0.1521739130434783,0.1270718232044199,0.15053763440860218,0.5471042471042475
browntr01,0.2959183673469387,0.3084577114427861,0.2591687041564791,0.20454545454545453,0.20967741935483872,0.341,0.13131313131313135,0.14035087719298245,0.5985130111524165,0.23255813953488375,0.33333333333333337,0.3191489361702128,0.2244897959183674,0.5499999999999999,0.03448275862068966,0.19565217391304351,0.3149171270718232,0.30107526881720437,0.3364502895752899
harriga01,0.28571428571428564,0.3233830845771145,0.21271393643031777,0.29545454545454547,0.30645161290322576,0.33299999999999996,0.10101010101010102,0.10526315789473684,0.6561338289962825,0.09302325581395347,0.14285714285714282,0.12765957446808512,0.17346938775510207,0.6499999999999999,0.10344827586206896,0.19565217391304351,0.26519337016574596,0.24731182795698928,0.30663390663390655
templga01,0.2551020408163265,0.33333333333333337,0.11002444987775051,0.45454545454545453,0.5,0.329,0.08080808080808083,0.08771929824561402,0.637546468401487,0.09302325581395347,0.19999999999999998,0.17021276595744683,0.21428571428571433,0.35000000000000003,0.1724137931034483,0.1739130434782609,0.143646408839779,0.13978494623655918,0.337662337662338
napiesh01,0.23469387755102034,0.263681592039801,0.1931540342298289,0.3181818181818182,0.34677419354838707,0.317,0.20202020202020202,0.2017543859649123,0.6728624535315987,0.09302325581395347,0.14285714285714282,0.12056737588652482,0.43877551020408173,0.5499999999999999,0.06896551724137932,0.45652173913043476,0.1712707182320442,0.18279569892473121,0.44381223328591757
youngth01,0.31632653061224486,0.32835820895522394,0.28117359413202936,0.2727272727272727,0.282258064516129,0.35600000000000004,0.0404040404040404,0.061403508771929835,0.2249070631970259,0.3255813953488372,0.2476190476190476,0.26950354609929084,0.14285714285714288,0.6499999999999999,0.13793103448275865,0.30434782608695654,0.28729281767955805,0.29032258064516137,0.3981414828872458
mcderdo01,0.28571428571428564,0.25373134328358216,0.37897310513447435,0.43181818181818177,0.34677419354838707,0.435,0.0404040404040404,0.03508771929824561,0.6802973977695167,0.06976744186046512,0.1142857142857143,0.09929078014184396,0.07142857142857145,0.05,0.03448275862068966,0.08695652173913043,0.16022099447513816,0.18279569892473121,0.5186615186615187
gallola01,0.2551020408163265,0.26865671641791045,0.24938875305623476,0.45454545454545453,0.4032258064516129,0.399,0.08080808080808083,0.07894736842105263,0.7379182156133829,0.09302325581395347,0.08571428571428572,0.08510638297872337,0.11224489795918369,0.3,0.06896551724137932,0.08695652173913043,0.13812154696132595,0.13978494623655918,0.3764478764478769
monkma01,0.28571428571428564,0.3034825870646767,0.24694376528117357,0.25,0.29838709677419356,0.284,0.12121212121212124,0.12280701754385964,0.6654275092936802,0.09302325581395347,0.14285714285714282,0.12765957446808512,0.17346938775510207,0.2,0.10344827586206896,0.2608695652173913,0.24861878453038674,0.2688172043010753,0.47490347490347506
portibo01,0.2959183673469387,0.3034825870646767,0.2860635696821515,0.22727272727272727,0.2258064516129032,0.358,0.08080808080808083,0.08771929824561402,0.5594795539033456,0.25581395348837205,0.2857142857142857,0.28368794326241137,0.11224489795918369,0.2,0.10344827586206896,0.19565217391304351,0.2983425414364641,0.29032258064516137,0.3554655357934047
hartjo01,0.2448979591836734,0.26865671641791045,0.22004889975550113,0.43181818181818177,0.43548387096774194,0.342,0.10101010101010102,0.12280701754385964,0.5148698884758366,0.18604651162790697,0.44761904761904747,0.3829787234042554,0.1326530612244898,0.45,0.13793103448275865,0.21739130434782608,0.11602209944751377,0.13978494623655918,0.5592939878654173
nancela02,0.30612244897959173,0.2437810945273632,0.4841075794621027,0.22727272727272727,0.2258064516129032,0.35200000000000004,0.06060606060606062,0.07894736842105263,0.3977695167286245,0.4186046511627906,0.4285714285714286,0.43971631205673756,0.18367346938775514,0.45,0.13793103448275865,0.19565217391304351,0.23204419889502767,0.30107526881720437,0.7160192262233078
mclembe01,0.23469387755102034,0.2437810945273632,0.2713936430317848,0.5681818181818181,0.5161290322580645,0.4,0.0404040404040404,0.043859649122807015,0.5278810408921931,0.04651162790697673,0.0952380952380952,0.07801418439716314,0.040816326530612256,0.25,0.06896551724137932,0.10869565217391305,0.03314917127071823,0.06451612903225809,0.8687258687258688
porteke02,0.26530612244897955,0.2786069651741294,0.26650366748166265,0.25,0.25806451612903225,0.335,0.12121212121212124,0.14035087719298245,0.4851301115241634,0.06976744186046512,0.1809523809523809,0.14893617021276595,0.18367346938775514,0.4,0.10344827586206896,0.3695652173913043,0.24861878453038674,0.24731182795698928,0.3764478764478767
satorto01,0.2551020408163265,0.28358208955223885,0.23716381418092902,0.22727272727272727,0.25,0.322,0.13131313131313135,0.13157894736842105,0.7695167286245351,0.25581395348837205,0.17142857142857146,0.19858156028368795,0.5102040816326532,0.5499999999999999,0.03448275862068966,0.391304347826087,0.2596685082872928,0.24731182795698928,0.329043329043329
inglejo01,0.23469387755102034,0.2437810945273632,0.273838630806846,0.45454545454545453,0.3951612903225807,0.399,0.07070707070707072,0.07894736842105263,0.604089219330855,0.06976744186046512,0.2476190476190476,0.19858156028368795,0.4897959183673471,0.4,0.06896551724137932,0.391304347826087,0.11602209944751382,0.11827956989247312,0.3764478764478767
korkmfu01,0.23469387755102034,0.24875621890547264,0.23716381418092902,0.45454545454545453,0.3951612903225807,0.402,0.08080808080808083,0.08771929824561402,0.5446096654275093,0.04651162790697673,0.1142857142857143,0.08510638297872337,0.07142857142857145,0.25,0.06896551724137932,0.13043478260869568,0.12154696132596682,0.11827956989247312,0.33231260817467745
robinmi01,0.30612244897959173,0.13930348258706468,1.0,0.0,0.0,0.0,0.1111111111111111,0.17543859649122806,0.19702602230483268,0.6744186046511627,0.2952380952380952,0.4184397163120568,0.020408163265306117,0.4,0.6896551724137931,0.08695652173913043,0.27071823204419887,0.4086021505376345,0.9706977385548814
morrima02,0.2448979591836734,0.25373134328358216,0.2689486552567236,0.3409090909090909,0.31451612903225806,0.386,0.08080808080808083,0.09649122807017543,0.5836431226765798,0.1395348837209302,0.20952380952380953,0.19148936170212766,0.09183673469387757,0.2,0.10344827586206896,0.23913043478260873,0.18232044198895028,0.18279569892473121,0.3764478764478767
finnedo01,0.23469387755102034,0.22885572139303487,0.3251833740831297,0.36363636363636365,0.34677419354838707,0.376,0.08080808080808083,0.09649122807017543,0.4832713754646841,0.441860465116279,0.2666666666666667,0.3262411347517731,0.12244897959183676,0.25,0.1724137931034483,0.1739130434782609,0.13259668508287298,0.16129032258064518,0.5828870344999375
holidaa01,0.2448979591836734,0.28358208955223885,0.19804400977995107,0.29545454545454547,0.2661290322580645,0.394,0.08080808080808083,0.07894736842105263,0.7230483271375464,0.04651162790697673,0.10476190476190475,0.09219858156028367,0.3061224489795919,0.35000000000000003,0.06896551724137932,0.23913043478260873,0.24861878453038674,0.20430107526881724,0.17953667953667973
hillge01,0.22448979591836726,0.17910447761194034,0.44743276283618594,0.3181818181818182,0.24193548387096775,0.46,0.1111111111111111,0.11403508771929824,0.7063197026022304,0.16279069767441862,0.12380952380952381,0.13475177304964542,0.27551020408163274,0.35000000000000003,0.03448275862068966,0.1739130434782609,0.14917127071823208,0.17204301075268819,0.527027027027027
caldwke01,0.23469387755102034,0.22388059701492538,0.32762836185819066,0.29545454545454547,0.282258064516129,0.385,0.08080808080808083,0.09649122807017543,0.5817843866171003,0.11627906976744183,0.057142857142857134,0.07092198581560284,0.12244897959183676,0.35000000000000003,0.06896551724137932,0.1521739130434783,0.1712707182320442,0.19354838709677424,0.5111765901239587
portemi01,0.2448979591836734,0.20895522388059704,0.4303178484107578,0.25,0.21774193548387097,0.42200000000000004,0.08080808080808083,0.07894736842105263,0.6895910780669144,0.25581395348837205,0.2476190476190476,0.25531914893617025,0.040816326530612256,0.2,0.1724137931034483,0.1521739130434783,0.19889502762430938,0.22580645161290328,0.5252761066714557
chrisma01,0.2551020408163265,0.18407960199004977,0.5183374083129585,0.022727272727272728,0.0564516129032258,0.20500000000000002,0.17171717171717174,0.19298245614035087,0.570631970260223,0.4186046511627906,0.32380952380952377,0.3617021276595745,0.15306122448979592,0.3,0.37931034482758624,0.23913043478260873,0.2817679558011049,0.3440860215053764,0.6412594860870724
shamela01,0.1938775510204081,0.22885572139303487,0.17359413202933982,0.4772727272727273,0.4516129032258064,0.375,0.09090909090909091,0.08771929824561402,0.7304832713754646,0.0,0.08571428571428572,0.056737588652482254,0.15306122448979592,0.15000000000000002,0.06896551724137932,0.13043478260869568,0.06077348066298348,0.06451612903225809,0.37644787644787603
theisda01,0.26530612244897955,0.1890547263681592,0.569682151589242,0.11363636363636363,0.12096774193548387,0.33299999999999996,0.10101010101010102,0.12280701754385964,0.5594795539033456,0.48837209302325585,0.33333333333333337,0.3900709219858156,0.1326530612244898,0.25,0.4482758620689656,0.13043478260869568,0.24309392265193366,0.3118279569892474,0.7027027027027031
divindo01,0.2448979591836734,0.2437810945273632,0.29828850855745725,0.29545454545454547,0.29838709677419356,0.336,0.07070707070707072,0.07894736842105263,0.5037174721189591,0.20930232558139533,0.2761904761904761,0.2624113475177305,0.19387755102040816,0.6,0.10344827586206896,0.2608695652173913,0.18232044198895028,0.20430107526881724,0.5044401544401547
culveja01,0.26530612244897955,0.3084577114427861,0.17359413202933982,0.22727272727272727,0.282258064516129,0.299,0.06060606060606062,0.13157894736842105,0.0,0.23255813953488375,0.1333333333333333,0.16312056737588654,0.1326530612244898,0.4,0.20689655172413793,0.23913043478260873,0.26519337016574585,0.25806451612903236,0.3531765531765534
bridgmi01,0.23469387755102034,0.1890547263681592,0.432762836185819,0.22727272727272727,0.21774193548387097,0.36100000000000004,0.1111111111111111,0.11403508771929824,0.7100371747211897,0.18604651162790697,0.20952380952380953,0.20567375886524825,0.14285714285714288,0.6499999999999999,0.20689655172413793,0.1739130434782609,0.17679558011049723,0.22580645161290328,0.671814671814672
klebima01,0.21428571428571425,0.2039800995024876,0.31295843520782396,0.36363636363636365,0.34677419354838707,0.373,0.08080808080808083,0.07894736842105263,0.7193308550185874,0.3255813953488372,0.2666666666666667,0.29078014184397166,0.0816326530612245,0.09999999999999999,0.37931034482758624,0.13043478260869568,0.10497237569060777,0.13978494623655918,0.6718146718146718
morrimo01,0.2551020408163265,0.24875621890547264,0.3080684596577016,0.20454545454545453,0.1935483870967742,0.378,0.07070707070707072,0.07017543859649122,0.7081784386617099,0.04651162790697673,0.057142857142857134,0.056737588652482254,0.31632653061224497,0.35000000000000003,0.06896551724137932,0.10869565217391305,0.2596685082872928,0.25806451612903236,0.3764478764478767
favorde01,0.30612244897959173,0.1890547263681592,0.6943765281173594,0.0,0.008064516129032258,0.14300000000000002,0.050505050505050525,0.08771929824561402,0.18773234200743494,0.7209302325581395,0.5428571428571427,0.6170212765957448,0.12244897959183676,0.25,0.3103448275862069,0.19565217391304351,0.3204419889502762,0.4086021505376345,0.7111969111969112
mykhasv01,0.1938775510204081,0.21890547263681595,0.18826405867970653,0.4772727272727273,0.41129032258064513,0.40399999999999997,0.07070707070707072,0.07894736842105263,0.654275092936803,0.04651162790697673,0.06666666666666668,0.056737588652482254,0.15306122448979592,0.3,0.03448275862068966,0.19565217391304351,0.07734806629834258,0.06451612903225809,0.19360176503033633
brownbr01,0.23469387755102034,0.2437810945273632,0.2689486552567236,0.13636363636363635,0.13709677419354838,0.344,0.12121212121212124,0.14912280701754385,0.5148698884758366,0.23255813953488375,0.2666666666666667,0.25531914893617025,0.3673469387755103,0.5,0.1724137931034483,0.32608695652173914,0.2928176795580111,0.2688172043010753,0.2911196911196914
trentga02,0.21428571428571425,0.21890547263681595,0.2713936430317848,0.40909090909090906,0.3548387096774194,0.418,0.030303030303030304,0.026315789473684202,0.6691449814126395,0.06976744186046512,0.028571428571428553,0.035460992907801414,0.06122448979591837,0.35000000000000003,0.10344827586206896,0.0217391304347826,0.11602209944751382,0.11827956989247312,0.3764478764478769
johnsca02,0.20408163265306117,0.21393034825870647,0.24938875305623476,0.43181818181818177,0.3870967741935484,0.39,0.050505050505050525,0.05263157894736842,0.6412639405204462,0.18604651162790697,0.14285714285714282,0.15602836879432624,0.0816326530612245,0.25,0.13793103448275865,0.08695652173913043,0.08839779005524862,0.09677419354838712,0.43209669296625863
poolejo01,0.18367346938775503,0.29850746268656725,0.0,0.29545454545454547,0.3709677419354838,0.27899999999999997,0.14141414141414144,0.14912280701754385,0.62453531598513,0.023255813953488372,0.0952380952380952,0.07092198581560284,0.20408163265306123,0.25,0.06896551724137932,0.23913043478260873,0.19337016574585641,0.13978494623655918,0.07170435741864312
bazemke01,0.18367346938775503,0.25373134328358216,0.10268948655256727,0.2727272727272727,0.2903225806451613,0.344,0.14141414141414144,0.15789473684210528,0.570631970260223,0.06976744186046512,0.2857142857142857,0.22695035460992907,0.10204081632653061,0.5,0.20689655172413793,0.23913043478260873,0.19889502762430944,0.15053763440860218,0.10855706204543414
riverau01,0.20408163265306117,0.22885572139303487,0.21515892420537897,0.3181818181818182,0.3225806451612903,0.35600000000000004,0.08080808080808083,0.10526315789473684,0.44795539033457243,0.06976744186046512,0.12380952380952381,0.10638297872340426,0.1326530612244898,0.3,0.03448275862068966,0.10869565217391305,0.14917127071823208,0.15053763440860218,0.3764478764478767
okogijo01,0.16326530612244894,0.17910447761194034,0.2298288508557459,0.1590909090909091,0.20161290322580644,0.266,0.22222222222222224,0.2368421052631579,0.6208178438661708,0.30232558139534876,0.19047619047619044,0.22695035460992907,0.12244897959183676,0.5,0.13793103448275865,0.2608695652173913,0.17679558011049723,0.18279569892473121,0.40926640926640934
jonesde02,0.20408163265306117,0.15422885572139308,0.47432762836185816,0.13636363636363635,0.1774193548387097,0.28,0.13131313131313135,0.14912280701754385,0.5762081784386618,0.23255813953488375,0.1809523809523809,0.19858156028368795,0.07142857142857145,0.45,0.20689655172413793,0.06521739130434784,0.16574585635359118,0.23655913978494628,0.8261504747991235
mooreet01,0.22448979591836726,0.24875621890547264,0.2273838630806847,0.25,0.24193548387096775,0.37700000000000006,0.030303030303030304,0.03508771929824561,0.4219330855018587,0.11627906976744183,0.08571428571428572,0.08510638297872337,0.10204081632653061,0.25,0.06896551724137932,0.10869565217391305,0.2265193370165746,0.20430107526881724,0.26978764478764505
jordade01,0.23469387755102034,0.11442786069651742,0.8141809290953544,0.0,0.0,0.0,0.12121212121212124,0.15789473684210528,0.4052044609665427,0.5581395348837208,0.6285714285714284,0.6312056737588653,0.15306122448979592,0.09999999999999999,0.3103448275862069,0.23913043478260873,0.24309392265193366,0.3333333333333334,0.8030888030888035
zubaciv01,0.22448979591836726,0.12437810945273634,0.6845965770171148,0.0,0.0,0.0,0.14141414141414144,0.16666666666666663,0.5297397769516728,0.6046511627906976,0.37142857142857133,0.45390070921985815,0.07142857142857145,0.05,0.3103448275862069,0.13043478260869568,0.2541436464088398,0.32258064516129037,0.6903911998251622
simonan01,0.20408163265306117,0.2437810945273632,0.1613691931540342,0.25,0.25806451612903225,0.332,0.08080808080808083,0.07894736842105263,0.6765799256505575,0.06976744186046512,0.08571428571428572,0.07801418439716314,0.10204081632653061,0.15000000000000002,0.03448275862068966,0.1521739130434783,0.20994475138121546,0.18279569892473121,0.2342342342342345
holidju01,0.17346938775510196,0.1940298507462687,0.23227383863080686,0.40909090909090906,0.3629032258064516,0.405,0.0404040404040404,0.043859649122807015,0.611524163568773,0.06976744186046512,0.1809523809523809,0.15602836879432624,0.09183673469387757,0.5499999999999999,0.20689655172413793,0.08695652173913043,0.0828729281767956,0.07526881720430106,0.26009126009126016
olynyke01,0.16326530612244894,0.15422885572139308,0.31540342298288515,0.3181818181818182,0.282258064516129,0.406,0.10101010101010102,0.09649122807017543,0.7397769516728624,0.1395348837209302,0.2857142857142857,0.2482269503546099,0.1326530612244898,0.3,0.10344827586206896,0.19565217391304351,0.0939226519337017,0.10752688172043018,0.48310810810810856
brunsja01,0.21428571428571425,0.19900497512437812,0.3251833740831297,0.18181818181818182,0.16935483870967744,0.358,0.08080808080808083,0.07894736842105263,0.6524163568773232,0.06976744186046512,0.10476190476190475,0.09219858156028367,0.2959183673469388,0.15000000000000002,0.03448275862068966,0.21739130434782608,0.2209944751381215,0.22580645161290328,0.40368027602070233
kanteen01,0.23469387755102034,0.1592039800995025,0.5843520782396089,0.0,0.008064516129032258,0.14300000000000002,0.09090909090909091,0.11403508771929824,0.4553903345724907,0.6279069767441858,0.35238095238095235,0.44680851063829796,0.06122448979591837,0.15000000000000002,0.2413793103448276,0.1739130434782609,0.28729281767955805,0.3333333333333334,0.5716903344021989
greenda02,0.18367346938775503,0.20895522388059704,0.20293398533007345,0.40909090909090906,0.3870967741935484,0.36700000000000005,0.020202020202020207,0.026315789473684202,0.420074349442379,0.16279069767441862,0.1619047619047619,0.15602836879432624,0.09183673469387757,0.6,0.1724137931034483,0.1521739130434783,0.0828729281767956,0.08602150537634412,0.3764478764478765
snellto01,0.18367346938775503,0.18407960199004977,0.273838630806846,0.38636363636363635,0.34677419354838707,0.402,0.020202020202020207,0.008771929824561403,0.9999999999999999,0.023255813953488372,0.07619047619047617,0.056737588652482254,0.18367346938775514,0.2,0.10344827586206896,0.06521739130434784,0.0828729281767956,0.09677419354838712,0.492804492804493
arizatr01,0.16326530612244894,0.16417910447761194,0.2567237163814181,0.3409090909090909,0.31451612903225806,0.37200000000000005,0.09090909090909091,0.08771929824561402,0.6988847583643122,0.11627906976744183,0.2952380952380952,0.2482269503546099,0.1326530612244898,0.6,0.10344827586206896,0.19565217391304351,0.0828729281767956,0.09677419354838712,0.49280449280449345
lenal01,0.21428571428571425,0.1492537313432836,0.5427872860635697,0.06818181818181818,0.08870967741935484,0.271,0.09090909090909091,0.13157894736842105,0.34572490706319703,0.3953488372093023,0.2952380952380952,0.33333333333333337,0.051020408163265314,0.15000000000000002,0.3103448275862069,0.1739130434782609,0.2209944751381215,0.27956989247311836,0.676004271748953
beverpa01,0.18367346938775503,0.1940298507462687,0.2396088019559902,0.36363636363636365,0.3225806451612903,0.38799999999999996,0.030303030303030304,0.043859649122807015,0.3680297397769515,0.23255813953488375,0.3047619047619047,0.29078014184397166,0.32653061224489804,0.5,0.1724137931034483,0.23913043478260873,0.1104972375690608,0.10752688172043012,0.329043329043329
meltode01,0.16326530612244894,0.1940298507462687,0.16625916870415647,0.1590909090909091,0.1854838709677419,0.28600000000000003,0.13131313131313135,0.14035087719298245,0.570631970260223,0.1395348837209302,0.19999999999999998,0.18439716312056742,0.2551020408163266,0.6,0.10344827586206896,0.2608695652173913,0.20441988950276246,0.18279569892473121,0.26009126009126016
spellom01,0.15306122448979587,0.1592039800995025,0.2396088019559902,0.20454545454545453,0.1774193548387097,0.391,0.12121212121212124,0.13157894736842105,0.6152416356877323,0.3488372093023256,0.19047619047619044,0.24113475177304966,0.06122448979591837,0.3,0.1724137931034483,0.19565217391304351,0.1712707182320442,0.15053763440860218,0.24171916277179473
daviste02,0.17346938775510196,0.16417910447761194,0.30073349633251845,0.29545454545454547,0.27419354838709675,0.38799999999999996,0.0404040404040404,0.03508771929824561,0.7472118959107809,0.1395348837209302,0.1619047619047619,0.15602836879432624,0.12244897959183676,0.2,0.06896551724137932,0.19565217391304351,0.1104972375690608,0.12903225806451613,0.5186615186615189
howardw01,0.18367346938775503,0.05970149253731344,0.9682151589242055,0.0,0.008064516129032258,0.6,0.13131313131313135,0.2368421052631579,0.09665427509293667,0.5581395348837208,0.38095238095238093,0.43971631205673756,0.030612244897959183,0.15000000000000002,0.37931034482758624,0.21739130434782608,0.17679558011049723,0.27956989247311836,1.0
jonesty01,0.1938775510204081,0.1890547263681592,0.3080684596577016,0.1590909090909091,0.15322580645161288,0.379,0.0404040404040404,0.043859649122807015,0.5185873605947954,0.0,0.04761904761904759,0.035460992907801414,0.40816326530612257,0.4,0.03448275862068966,0.13043478260869568,0.2209944751381215,0.21505376344086025,0.3492154768750517
biyombi01,0.17346938775510196,0.1194029850746269,0.5134474327628361,0.0,0.0,0.0,0.14141414141414144,0.21052631578947364,0.2620817843866169,0.511627906976744,0.2476190476190476,0.33333333333333337,0.051020408163265314,0.05,0.3103448275862069,0.1521739130434783,0.24861878453038674,0.2688172043010753,0.47490347490347506
hayesja02,0.16326530612244894,0.05970149253731344,0.8288508557457214,0.0,0.008064516129032258,0.25,0.16161616161616163,0.22807017543859648,0.3438661710037175,0.3255813953488372,0.15238095238095237,0.20567375886524825,0.051020408163265314,0.15000000000000002,0.3103448275862069,0.13043478260869568,0.17679558011049723,0.25806451612903236,0.868725868725869
matthwe02,0.1428571428571428,0.17412935323383086,0.15403422982885084,0.36363636363636365,0.3548387096774194,0.364,0.050505050505050525,0.05263157894736842,0.5631970260223048,0.04651162790697673,0.1142857142857143,0.09929078014184396,0.10204081632653061,0.25,0.03448275862068966,0.08695652173913043,0.06629834254143646,0.06451612903225809,0.3090835196098358
dienggo01,0.15306122448979587,0.1492537313432836,0.30073349633251845,0.20454545454545453,0.1935483870967742,0.355,0.09090909090909091,0.10526315789473684,0.5762081784386618,0.30232558139534876,0.3142857142857143,0.3191489361702128,0.0816326530612245,0.35000000000000003,0.3103448275862069,0.1739130434782609,0.14917127071823205,0.15053763440860218,0.3764478764478769
noelne01,0.1938775510204081,0.07960199004975127,0.8581907090464548,0.0,0.0,0.33299999999999996,0.10101010101010102,0.11403508771929824,0.5446096654275093,0.3255813953488372,0.23809523809523805,0.26950354609929084,0.051020408163265314,0.45,0.5172413793103449,0.19565217391304351,0.20441988950276246,0.29032258064516137,0.8418743418743417
mudiaem01,0.17346938775510196,0.16417910447761194,0.31540342298288515,0.13636363636363635,0.12903225806451613,0.34500000000000003,0.09090909090909091,0.09649122807017543,0.5520446096654276,0.04651162790697673,0.10476190476190475,0.08510638297872337,0.17346938775510207,0.15000000000000002,0.06896551724137932,0.2608695652173913,0.20994475138121546,0.20430107526881724,0.34800514800514804
dunnkr01,0.1938775510204081,0.1940298507462687,0.2713936430317848,0.13636363636363635,0.1774193548387097,0.259,0.050505050505050525,0.061403508771929835,0.5185873605947954,0.09302325581395347,0.21904761904761907,0.17730496453900713,0.3061224489795919,0.95,0.10344827586206896,0.23913043478260873,0.20994475138121546,0.22580645161290328,0.461776061776062
caulewi01,0.21428571428571425,0.13930348258706468,0.6014669926650366,0.0,0.0,0.0,0.0404040404040404,0.07017543859649122,0.26765799256505585,0.3488372093023256,0.32380952380952377,0.33333333333333337,0.09183673469387757,0.4,0.37931034482758624,0.10869565217391305,0.27071823204419887,0.3118279569892474,0.5592939878654168
plumlma01,0.18367346938775503,0.09452736318407962,0.6894865525672372,0.0,0.008064516129032258,0.0,0.1111111111111111,0.18421052631578946,0.13568773234200737,0.3488372093023256,0.2571428571428571,0.29078014184397166,0.21428571428571433,0.2,0.20689655172413793,0.23913043478260873,0.21546961325966854,0.27956989247311836,0.7103407755581668
holliro01,0.15306122448979587,0.13432835820895525,0.3374083129584352,0.022727272727272728,0.03225806451612903,0.13,0.15151515151515155,0.17543859649122806,0.5055762081784386,0.3953488372093023,0.19047619047619044,0.25531914893617025,0.14285714285714288,0.35000000000000003,0.13793103448275865,0.1739130434782609,0.24309392265193366,0.23655913978494628,0.35135135135135176
tuckepj01,0.1428571428571428,0.15422885572139308,0.20048899755501226,0.3409090909090909,0.33870967741935487,0.358,0.020202020202020207,0.026315789473684202,0.6524163568773232,0.3488372093023256,0.3999999999999999,0.3900709219858156,0.12244897959183676,0.5,0.1724137931034483,0.1739130434782609,0.05524861878453041,0.07526881720430109,0.6023166023166022
wrighde01,0.15306122448979587,0.13930348258706468,0.31540342298288515,0.13636363636363635,0.13709677419354838,0.37,0.08080808080808083,0.08771929824561402,0.5724907063197026,0.20930232558139533,0.19047619047619044,0.19148936170212766,0.2959183673469388,0.5499999999999999,0.10344827586206896,0.1739130434782609,0.17679558011049723,0.18279569892473121,0.40926640926640956
wanambr01,0.12244897959183669,0.11442786069651742,0.28117359413202936,0.11363636363636363,0.1129032258064516,0.363,0.15151515151515155,0.13157894736842105,0.8624535315985128,0.04651162790697673,0.07619047619047617,0.06382978723404255,0.21428571428571433,0.4,0.06896551724137932,0.19565217391304351,0.16574585635359118,0.16129032258064518,0.341855368882396
greenja01,0.13265306122448978,0.13930348258706468,0.23471882640586783,0.3409090909090909,0.30645161290322576,0.387,0.030303030303030304,0.03508771929824561,0.5353159851301116,0.25581395348837205,0.38095238095238093,0.3617021276595745,0.040816326530612256,0.2,0.13793103448275865,0.1521739130434783,0.06077348066298342,0.06451612903225809,0.3764478764478767
dotsoda01,0.1428571428571428,0.1592039800995025,0.19804400977995107,0.2727272727272727,0.27419354838709675,0.36200000000000004,0.020202020202020207,0.026315789473684202,0.3810408921933085,0.023255813953488372,0.07619047619047617,0.056737588652482254,0.0816326530612245,0.2,0.03448275862068966,0.04347826086956522,0.10497237569060774,0.10752688172043012,0.3764478764478767
korveky01,0.11224489795918367,0.11442786069651742,0.23716381418092902,0.38636363636363635,0.33064516129032256,0.418,0.030303030303030304,0.026315789473684202,0.7286245353159851,0.04651162790697673,0.08571428571428572,0.07092198581560284,0.0816326530612245,0.15000000000000002,0.06896551724137932,0.13043478260869568,0.01657458563535913,0.021505376344086058,0.37644787644787736
bouchch01,0.12244897959183669,0.09950248756218905,0.3398533007334964,0.13636363636363635,0.15322580645161288,0.322,0.12121212121212124,0.13157894736842105,0.5985130111524165,0.3720930232558139,0.17142857142857146,0.24113475177304966,0.0,0.15000000000000002,0.3448275862068966,0.06521739130434784,0.12154696132596685,0.15053763440860213,0.5971242178138729
mellini01,0.12244897959183669,0.12935323383084582,0.21515892420537897,0.2727272727272727,0.27419354838709675,0.335,0.06060606060606062,0.07017543859649122,0.5167286245353159,0.11627906976744183,0.14285714285714282,0.13475177304964542,0.10204081632653061,0.25,0.13793103448275865,0.13043478260869568,0.07182320441988954,0.08602150537634412,0.5044401544401542
ennisja01,0.12244897959183669,0.1194029850746269,0.2762836185819072,0.18181818181818182,0.1935483870967742,0.325,0.08080808080808083,0.08771929824561402,0.6394052044609665,0.20930232558139533,0.15238095238095237,0.17730496453900713,0.051020408163265314,0.2,0.10344827586206896,0.13043478260869568,0.11602209944751385,0.12903225806451613,0.4678709321566463
ilyaser01,0.12244897959183669,0.10945273631840796,0.3251833740831297,0.18181818181818182,0.1774193548387097,0.365,0.08080808080808083,0.08771929824561402,0.6802973977695167,0.20930232558139533,0.2761904761904761,0.2624113475177305,0.040816326530612256,0.15000000000000002,0.10344827586206896,0.06521739130434784,0.11602209944751382,0.12903225806451613,0.46787093215664655
mcgeeja01,0.18367346938775503,0.0845771144278607,0.7432762836185819,0.0,0.008064516129032258,0.5,0.050505050505050525,0.07017543859649122,0.3420074349442378,0.3953488372093023,0.2857142857142857,0.3262411347517731,0.010204081632653059,0.2,0.4827586206896552,0.13043478260869568,0.20441988950276246,0.27956989247311836,0.7836960336960337
mccontj01,0.1938775510204081,0.1492537313432836,0.44743276283618594,0.022727272727272728,0.016129032258064516,0.294,0.020202020202020207,0.017543859649122806,0.6895910780669144,0.09302325581395347,0.1142857142857143,0.11347517730496455,0.46938775510204095,0.35000000000000003,0.06896551724137932,0.2608695652173913,0.27071823204419887,0.27956989247311836,0.42215940430226184
knoxke01,0.11224489795918367,0.16915422885572143,0.0635696821515892,0.22727272727272727,0.25,0.327,0.07070707070707072,0.10526315789473684,0.3550185873605948,0.06976744186046512,0.14285714285714282,0.12056737588652482,0.051020408163265314,0.15000000000000002,0.13793103448275865,0.10869565217391305,0.13259668508287295,0.09677419354838712,0.087433055174991
lylestr01,0.13265306122448978,0.12935323383084582,0.2762836185819072,0.22727272727272727,0.21774193548387097,0.387,0.020202020202020207,0.026315789473684202,0.5037174721189591,0.23255813953488375,0.35238095238095235,0.3262411347517731,0.07142857142857145,0.15000000000000002,0.13793103448275865,0.08695652173913043,0.1104972375690608,0.11827956989247312,0.42385242385242394
walkelo01,0.1428571428571428,0.15422885572139308,0.2273838630806847,0.1590909090909091,0.13709677419354838,0.406,0.0404040404040404,0.05263157894736842,0.4814126394052044,0.06976744186046512,0.0952380952380952,0.08510638297872337,0.07142857142857145,0.2,0.06896551724137932,0.10869565217391305,0.19337016574585636,0.16129032258064518,0.19360176503033655
josepco01,0.13265306122448978,0.14427860696517417,0.20048899755501226,0.18181818181818182,0.1774193548387097,0.35200000000000004,0.050505050505050525,0.05263157894736842,0.7342007434944239,0.11627906976744183,0.10476190476190475,0.10638297872340426,0.31632653061224497,0.3,0.10344827586206896,0.19565217391304351,0.1546961325966851,0.13978494623655918,0.26674020959735256
onealro01,0.11224489795918367,0.11442786069651742,0.24449877750611237,0.29545454545454547,0.27419354838709675,0.37700000000000006,0.030303030303030304,0.03508771929824561,0.5613382899628253,0.06976744186046512,0.3999999999999999,0.3120567375886525,0.21428571428571433,0.35000000000000003,0.1724137931034483,0.1521739130434783,0.05524861878453037,0.06451612903225809,0.45173745173745217
belinma01,0.11224489795918367,0.13432835820895525,0.1442542787286064,0.2727272727272727,0.25,0.376,0.050505050505050525,0.05263157894736842,0.6802973977695167,0.0,0.06666666666666668,0.042553191489361694,0.0816326530612245,0.05,0.0,0.0217391304347826,0.09392265193370167,0.07526881720430112,0.16312741312741386
jacksfr01,0.12244897959183669,0.13930348258706468,0.176039119804401,0.18181818181818182,0.1935483870967742,0.326,0.06060606060606062,0.07894736842105263,0.5297397769516728,0.06976744186046512,0.009523809523809518,0.02127659574468084,0.06122448979591837,0.09999999999999999,0.03448275862068966,0.13043478260869568,0.13812154696132597,0.12903225806451613,0.29645270270270263
naderab01,0.11224489795918367,0.09950248756218905,0.33007334963325186,0.20454545454545453,0.1854838709677419,0.375,0.06060606060606062,0.07017543859649122,0.5780669144981411,0.04651162790697673,0.06666666666666668,0.04964539007092199,0.030612244897959183,0.15000000000000002,0.13793103448275865,0.13043478260869568,0.09944751381215469,0.10752688172043018,0.4276447876447882
ntilila01,0.12244897959183669,0.1492537313432836,0.14669926650366738,0.18181818181818182,0.1935483870967742,0.321,0.06060606060606062,0.05263157894736842,0.7472118959107809,0.06976744186046512,0.07619047619047617,0.07092198581560284,0.26530612244897966,0.4,0.10344827586206896,0.21739130434782608,0.14917127071823205,0.12903225806451613,0.22586872586872597
gibsota01,0.16326530612244894,0.08955223880597013,0.6136919315403423,0.022727272727272728,0.016129032258064516,0.28600000000000003,0.0404040404040404,0.043859649122807015,0.5018587360594796,0.3953488372093023,0.15238095238095237,0.22695035460992907,0.040816326530612256,0.15000000000000002,0.1724137931034483,0.13043478260869568,0.20441988950276246,0.24731182795698928,0.6091611091611098
hernaju01,0.1020408163265306,0.11442786069651742,0.176039119804401,0.20454545454545453,0.21774193548387097,0.341,0.06060606060606062,0.09649122807017543,0.2936802973977696,0.18604651162790697,0.21904761904761907,0.21276595744680848,0.040816326530612256,0.15000000000000002,0.06896551724137932,0.10869565217391305,0.09392265193370164,0.09677419354838712,0.37644787644787736
scottmi01,0.11224489795918367,0.11442786069651742,0.2273838630806847,0.2727272727272727,0.25806451612903225,0.369,0.01010101010101011,0.008771929824561403,0.6486988847583642,0.20930232558139533,0.17142857142857146,0.17730496453900713,0.040816326530612256,0.09999999999999999,0.03448275862068966,0.04347826086956522,0.06629834254143646,0.07526881720430112,0.44381223328591846
niangge01,0.1020408163265306,0.10447761194029853,0.2567237163814181,0.3181818181818182,0.27419354838709675,0.4,0.0,0.0,0.6895910780669144,0.023255813953488372,0.07619047619047617,0.056737588652482254,0.030612244897959183,0.09999999999999999,0.03448275862068966,0.06521739130434784,0.04419889502762435,0.04301075268817208,0.2911196911196914
willima02,0.1020408163265306,0.08955223880597013,0.2762836185819072,0.22727272727272727,0.21774193548387097,0.359,0.050505050505050525,0.05263157894736842,0.7397769516728624,0.09302325581395347,0.1619047619047619,0.14893617021276595,0.06122448979591837,0.25,0.1724137931034483,0.08695652173913043,0.06629834254143646,0.08602150537634412,0.5785409469620004
anderky01,0.12244897959183669,0.10447761194029853,0.34474327628361856,0.09090909090909091,0.10483870967741936,0.282,0.050505050505050525,0.07017543859649122,0.3810408921933085,0.18604651162790697,0.23809523809523805,0.22695035460992907,0.20408163265306123,0.35000000000000003,0.20689655172413793,0.1739130434782609,0.16022099447513816,0.17204301075268819,0.44755469755469757
iwundwe01,0.08163265306122446,0.0845771144278607,0.20293398533007345,0.11363636363636363,0.12903225806451613,0.341,0.12121212121212124,0.13157894736842105,0.6356877323420075,0.09302325581395347,0.1142857142857143,0.09929078014184396,0.0816326530612245,0.2,0.10344827586206896,0.06521739130434784,0.12154696132596685,0.11827956989247312,0.3323126081746772
harklma01,0.12244897959183669,0.08955223880597013,0.41320293398533015,0.11363636363636363,0.12903225806451613,0.34700000000000003,0.030303030303030304,0.061403508771929835,0.2397769516728624,0.18604651162790697,0.19999999999999998,0.19858156028368795,0.07142857142857145,0.4,0.1724137931034483,0.1521739130434783,0.1270718232044199,0.16129032258064518,0.6324324324324326
poeltja01,0.1428571428571428,0.05970149253731344,0.7114914425427873,0.0,0.0,0.0,0.030303030303030304,0.07894736842105263,0.005576208178438624,0.441860465116279,0.2666666666666667,0.3262411347517731,0.14285714285714288,0.25,0.4827586206896552,0.13043478260869568,0.18232044198895028,0.23655913978494628,0.6964285714285716
bazleda01,0.09183673469387753,0.1194029850746269,0.14914425427872857,0.18181818181818182,0.1854838709677419,0.348,0.0404040404040404,0.05263157894736842,0.4312267657992567,0.09302325581395347,0.2476190476190476,0.20567375886524825,0.030612244897959183,0.15000000000000002,0.2413793103448276,0.10869565217391305,0.12154696132596687,0.09677419354838712,0.15577153508188002
jonesda03,0.11224489795918367,0.01990049751243783,0.8484107579462102,0.0,0.016129032258064516,0.222,0.08080808080808083,0.09649122807017543,0.5130111524163569,0.27906976744186046,0.14285714285714282,0.18439716312056742,0.020408163265306117,0.2,0.2413793103448276,0.06521739130434784,0.1270718232044199,0.20430107526881724,0.9737451737451739
jacksju01,0.1020408163265306,0.1194029850746269,0.15403422982885084,0.1590909090909091,0.20161290322580644,0.294,0.030303030303030304,0.03508771929824561,0.7026022304832714,0.06976744186046512,0.10476190476190475,0.09219858156028367,0.040816326530612256,0.05,0.06896551724137932,0.0,0.1104972375690608,0.11827956989247312,0.42385242385242394
hillso01,0.08163265306122446,0.09452736318407962,0.15403422982885084,0.25,0.23387096774193547,0.368,0.0404040404040404,0.043859649122807015,0.5185873605947954,0.09302325581395347,0.1333333333333333,0.12056737588652482,0.14285714285714288,0.3,0.06896551724137932,0.1521739130434783,0.060773480662983465,0.053763440860215055,0.23423423423423384
carusal01,0.08163265306122446,0.0845771144278607,0.1931540342298289,0.13636363636363635,0.15322580645161288,0.33299999999999996,0.08080808080808083,0.09649122807017543,0.5055762081784386,0.04651162790697673,0.07619047619047617,0.056737588652482254,0.15306122448979592,0.5,0.10344827586206896,0.13043478260869568,0.10497237569060774,0.10752688172043012,0.3764478764478765
craigto01,0.1020408163265306,0.08955223880597013,0.31295843520782396,0.18181818181818182,0.1935483870967742,0.326,0.01010101010101011,0.017543859649122806,0.2769516728624536,0.23255813953488375,0.12380952380952381,0.15602836879432624,0.040816326530612256,0.15000000000000002,0.20689655172413793,0.04347826086956522,0.0828729281767956,0.10752688172043012,0.6091611091611098
lopezro01,0.11224489795918367,0.0845771144278607,0.3887530562347189,0.11363636363636363,0.12903225806451613,0.33299999999999996,0.01010101010101011,0.03508771929824561,0.1226765799256504,0.16279069767441862,0.06666666666666668,0.09219858156028367,0.030612244897959183,0.05,0.2413793103448276,0.1739130434782609,0.12154696132596685,0.15053763440860218,0.5971242178138734
connapa01,0.09183673469387753,0.0845771144278607,0.29828850855745725,0.18181818181818182,0.20161290322580644,0.331,0.020202020202020207,0.017543859649122806,0.5817843866171003,0.18604651162790697,0.2285714285714285,0.21985815602836883,0.12244897959183676,0.15000000000000002,0.1724137931034483,0.13043478260869568,0.07182320441988951,0.09677419354838712,0.6324324324324326
bambamo01,0.1020408163265306,0.08955223880597013,0.31540342298288515,0.13636363636363635,0.13709677419354838,0.34600000000000003,0.020202020202020207,0.026315789473684202,0.3940520446096655,0.3488372093023256,0.2285714285714285,0.26950354609929084,0.030612244897959183,0.15000000000000002,0.4827586206896552,0.10869565217391305,0.12154696132596682,0.12903225806451615,0.4205831447210764
brownst02,0.07142857142857141,0.10447761194029853,0.09290953545232283,0.18181818181818182,0.20967741935483872,0.324,0.030303030303030304,0.03508771929824561,0.6282527881040892,0.11627906976744183,0.19047619047619044,0.17021276595744683,0.06122448979591837,0.25,0.03448275862068966,0.13043478260869568,0.08839779005524864,0.07526881720430109,0.20950142689273132
netora01,0.08163265306122446,0.06467661691542287,0.29828850855745725,0.13636363636363635,0.12903225806451613,0.386,0.0404040404040404,0.043859649122807015,0.6840148698884757,0.023255813953488372,0.0,0.0,0.14285714285714288,0.15000000000000002,0.03448275862068966,0.1521739130434783,0.09944751381215469,0.10752688172043012,0.42764478764478797
robinje01,0.07142857142857141,0.10447761194029853,0.09290953545232283,0.18181818181818182,0.1935483870967742,0.32,0.030303030303030304,0.043859649122807015,0.44609665427509293,0.023255813953488372,0.08571428571428572,0.06382978723404255,0.10204081632653061,0.15000000000000002,0.10344827586206896,0.13043478260869568,0.09944751381215472,0.07526881720430109,0.12046332046332053
bongais01,0.07142857142857141,0.03482587064676618,0.4180929095354523,0.09090909090909091,0.08870967741935484,0.35200000000000004,0.07070707070707072,0.07894736842105263,0.650557620817844,0.23255813953488375,0.1333333333333333,0.16312056737588654,0.0816326530612245,0.3,0.10344827586206896,0.1521739130434783,0.09392265193370167,0.11827956989247312,0.58976833976834
cartevi01,0.07142857142857141,0.11442786069651742,0.04645476772616142,0.22727272727272727,0.27419354838709675,0.302,0.01010101010101011,0.008771929824561403,0.6152416356877323,0.04651162790697673,0.08571428571428572,0.07092198581560284,0.040816326530612256,0.15000000000000002,0.13793103448275865,0.08695652173913043,0.05524861878453037,0.05376344086021508,0.30115830115830167
martico01,0.08163265306122446,0.07462686567164178,0.23716381418092902,0.09090909090909091,0.12903225806451613,0.23399999999999999,0.06060606060606062,0.08771929824561402,0.3420074349442378,0.16279069767441862,0.15238095238095237,0.15602836879432624,0.163265306122449,0.35000000000000003,0.06896551724137932,0.1521739130434783,0.1104972375690608,0.12903225806451615,0.5186615186615189
pattepa01,0.05102040816326529,0.05472636815920398,0.18337408312958425,0.25,0.23387096774193547,0.39,0.030303030303030304,0.026315789473684202,0.654275092936803,0.11627906976744183,0.10476190476190475,0.10638297872340426,0.030612244897959183,0.0,0.03448275862068966,0.04347826086956522,0.01657458563535913,0.021505376344086037,0.3764478764478767
carteje01,0.06122448979591834,0.06965174129353235,0.20293398533007345,0.25,0.20161290322580644,0.425,0.01010101010101011,0.008771929824561403,0.7249070631970261,0.09302325581395347,0.057142857142857134,0.06382978723404255,0.10204081632653061,0.35000000000000003,0.10344827586206896,0.08695652173913043,0.05524861878453041,0.03225806451612904,0.0
bradlto01,0.11224489795918367,0.02487562189054726,0.8166259168704156,0.022727272727272728,0.008064516129032258,1.0,0.020202020202020207,0.03508771929824561,0.35315985130111527,0.4186046511627906,0.17142857142857146,0.2482269503546099,0.0,0.05,0.20689655172413793,0.06521739130434784,0.13812154696132597,0.19354838709677424,0.7764237451737455
hezonma01,0.06122448979591834,0.06467661691542287,0.21760391198044016,0.11363636363636363,0.12096774193548387,0.308,0.06060606060606062,0.061403508771929835,0.654275092936803,0.11627906976744183,0.19047619047619044,0.17021276595744683,0.051020408163265314,0.3,0.06896551724137932,0.13043478260869568,0.10497237569060774,0.09677419354838712,0.2779922779922781
thybuma01,0.06122448979591834,0.06467661691542287,0.22004889975550113,0.20454545454545453,0.1935483870967742,0.35700000000000004,0.01010101010101011,0.017543859649122806,0.27509293680297386,0.1395348837209302,0.009523809523809518,0.035460992907801414,0.0816326530612245,0.6499999999999999,0.2413793103448276,0.13043478260869568,0.05524861878453037,0.05376344086021507,0.30115830115830167
makerth01,0.05102040816326529,0.01990049751243783,0.36430317848410765,0.09090909090909091,0.08870967741935484,0.344,0.09090909090909091,0.12280701754385964,0.37546468401487,0.18604651162790697,0.0952380952380952,0.12056737588652482,0.030612244897959183,0.15000000000000002,0.2413793103448276,0.13043478260869568,0.07734806629834255,0.09677419354838712,0.5592939878654168
arcidry01,0.05102040816326529,0.04975124378109452,0.18581907090464544,0.20454545454545453,0.1935483870967742,0.391,0.020202020202020207,0.026315789473684202,0.4628252788104087,0.04651162790697673,0.06666666666666668,0.056737588652482254,0.1326530612244898,0.2,0.03448275862068966,0.08695652173913043,0.03867403314917128,0.04301075268817207,0.3764478764478769
grahatr01,0.05102040816326529,0.07960199004975127,0.0660146699266504,0.13636363636363635,0.1774193548387097,0.275,0.0404040404040404,0.05263157894736842,0.33643122676579906,0.18604651162790697,0.08571428571428572,0.11347517730496455,0.040816326530612256,0.15000000000000002,0.03448275862068966,0.06521739130434784,0.0828729281767956,0.07526881720430109,0.26009126009126016
fernabr01,0.07142857142857141,0.039800995024875635,0.4523227383863079,0.022727272727272728,0.0564516129032258,0.135,0.020202020202020207,0.043859649122807015,0.1988847583643122,0.25581395348837205,0.1333333333333333,0.17021276595744683,0.051020408163265314,0.09999999999999999,0.10344827586206896,0.13043478260869568,0.12154696132596687,0.15053763440860218,0.5971242178138729
okoboel01,0.020408163265306103,0.02487562189054726,0.158924205378973,0.11363636363636363,0.10483870967741936,0.35200000000000004,0.06060606060606062,0.07894736842105263,0.44981412639405216,0.04651162790697673,0.0380952380952381,0.035460992907801414,0.17346938775510207,0.15000000000000002,0.03448275862068966,0.10869565217391305,0.07182320441988951,0.05376344086021508,0.12046332046332098
fergute01,0.03061224489795915,0.05472636815920398,0.05378973105134477,0.20454545454545453,0.24193548387096775,0.292,0.0,0.0,0.5353159851301116,0.06976744186046512,0.0,0.01418439716312056,0.051020408163265314,0.2,0.10344827586206896,0.08695652173913043,0.011049723756906084,0.021505376344086023,0.5186615186615187
tollian01,0.010204081632653045,0.02487562189054726,0.05867970660146704,0.20454545454545453,0.20967741935483872,0.33799999999999997,0.01010101010101011,0.008771929824561403,0.48698884758364314,0.11627906976744183,0.12380952380952381,0.12056737588652482,0.040816326530612256,0.09999999999999999,0.06896551724137932,0.08695652173913043,0.0,0.0,0.19360176503033677
willigr01,0.020408163265306103,0.014925373134328374,0.1931540342298289,0.06818181818181818,0.1129032258064516,0.25,0.030303030303030304,0.03508771929824561,0.4832713754646841,0.18604651162790697,0.07619047619047617,0.10638297872340426,0.06122448979591837,0.15000000000000002,0.1724137931034483,0.10869565217391305,0.05524861878453041,0.07526881720430109,0.6023166023166022
ojelese01,0.010204081632653045,0.0,0.18337408312958425,0.1590909090909091,0.14516129032258066,0.378,0.01010101010101011,0.008771929824561403,0.7676579925650558,0.06976744186046512,0.07619047619047617,0.07092198581560284,0.010204081632653059,0.09999999999999999,0.03448275862068966,0.0217391304347826,0.016574585635359115,0.021505376344086037,0.3764478764478769
mcgruro01,0.020408163265306103,0.01990049751243783,0.158924205378973,0.09090909090909091,0.12903225806451613,0.27,0.0,0.017543859649122806,0.1802973977695167,0.09302325581395347,0.12380952380952381,0.11347517730496455,0.020408163265306117,0.2,0.03448275862068966,0.04347826086956522,0.04972375690607736,0.06451612903225809,0.5364382239382242
bitadgo01,0.020408163265306103,0.0,0.32762836185819066,0.022727272727272728,0.06451612903225806,0.19,0.01010101010101011,0.017543859649122806,0.49256505576208187,0.09302325581395347,0.057142857142857134,0.06382978723404255,0.0,0.05,0.2413793103448276,0.06521739130434784,0.07182320441988951,0.09677419354838712,0.6324324324324329
dellama01,0.0,0.014925373134328374,0.05134474327628358,0.09090909090909091,0.12903225806451613,0.231,0.030303030303030304,0.017543859649122806,0.7490706319702601,0.04651162790697673,0.009523809523809518,0.01418439716312056,0.2857142857142858,0.15000000000000002,0.0,0.1739130434782609,0.04419889502762432,0.04301075268817207,0.2911196911196914
